Order ID,Color,Cost,countryCode,"Month, Day, Year of Date",ASIN,Size,Store,Price,Sales,Units,Profit
63d0a0a2dba2fe37f05053f9,Black,41.1,US,28-May-22,B09JG4TTP2,240mmm,Dracaena Store,59.99,179.97,3,56.67
63d0a104dba2fe37f0506245,Black,31.1,US,28-May-22,B09JG59MGK,120mm,Dracaena Store,49.99,149.97,3,56.67
63d0a104dba2fe37f0506246,Black,31.1,US,29-May-22,B09JG59MGK,120mm,Dracaena Store,49.99,49.99,1,18.89
63d0afccdba2fe37f052663a,Black,51,CA,23-May-22,B09JG5X1PY,360mm,Dracaena Store,75.9924,75.9924,1,24.9924
63d0bdc0dba2fe37f05453dc,Black,41.1,US,3-May-22,B09JG4TTP2,240mmm,Dracaena Store,59.99,59.99,1,18.89
63d0bdc0dba2fe37f05453dd,Black,41.1,US,4-May-22,B09JG4TTP2,240mmm,Dracaena Store,59.99,59.99,1,18.89
63d0bdc0dba2fe37f05453df,Black,41.1,US,6-May-22,B09JG4TTP2,240mmm,Dracaena Store,59.99,59.99,1,18.89
63d0bdc0dba2fe37f05453e8,Black,41.1,US,15-May-22,B09JG4TTP2,240mmm,Dracaena Store,59.99,59.99,1,18.89
63d0bdc0dba2fe37f05453eb,Black,41.1,US,18-May-22,B09JG4TTP2,240mmm,Dracaena Store,59.99,59.99,1,18.89
63d0bdc0dba2fe37f05453ef,Black,41.1,US,22-May-22,B09JG4TTP2,240mmm,Dracaena Store,59.99,59.99,1,18.89
63d0bdc0dba2fe37f05453f0,Black,41.1,US,23-May-22,B09JG4TTP2,240mmm,Dracaena Store,59.99,119.98,2,37.78
63d0be22dba2fe37f05461f7,Black,31.1,US,14-May-22,B09JG59MGK,120mm,Dracaena Store,49.99,49.99,1,18.89
63d0be22dba2fe37f05461f9,Black,31.1,US,16-May-22,B09JG59MGK,120mm,Dracaena Store,49.99,49.99,1,18.89
63d0be22dba2fe37f05461fb,Black,31.1,US,18-May-22,B09JG59MGK,120mm,Dracaena Store,49.99,49.99,1,18.89
63d0be22dba2fe37f05461fd,Black,31.1,US,20-May-22,B09JG59MGK,120mm,Dracaena Store,49.99,99.98,2,37.78
63d0be22dba2fe37f05461fe,Black,31.1,US,21-May-22,B09JG59MGK,120mm,Dracaena Store,49.99,49.99,1,18.89
63d0be22dba2fe37f05461ff,Black,31.1,US,22-May-22,B09JG59MGK,120mm,Dracaena Store,49.99,49.99,1,18.89
63d0be22dba2fe37f0546200,Black,31.1,US,23-May-22,B09JG59MGK,120mm,Dracaena Store,49.99,49.99,1,18.89
63d0be22dba2fe37f0546203,Black,31.1,US,26-May-22,B09JG59MGK,120mm,Dracaena Store,49.99,149.97,3,56.67
63d0be22dba2fe37f0546204,Black,31.1,US,27-May-22,B09JG59MGK,120mm,Dracaena Store,49.99,199.96,4,75.56
63d0db35dba2fe37f05850a5,Black,41.1,US,24-Apr-22,B09JG4TTP2,240mmm,Dracaena Store,59.99,59.99,1,18.89
63d0db35dba2fe37f05850a8,Black,41.1,US,27-Apr-22,B09JG4TTP2,240mmm,Dracaena Store,59.99,59.99,1,18.89
63d0db35dba2fe37f058508e,Black,41.1,US,1-Apr-22,B09JG4TTP2,240mmm,Dracaena Store,68.99,137.98,2,55.78
63d0db35dba2fe37f058509c,Black,41.1,US,15-Apr-22,B09JG4TTP2,240mmm,Dracaena Store,68.99,68.99,1,27.89
63d0db35dba2fe37f0585091,Black,41.1,US,4-Apr-22,B09JG4TTP2,240mmm,Dracaena Store,68.99,68.99,1,27.89
63d0db35dba2fe37f0585099,Black,41.1,US,12-Apr-22,B09JG4TTP2,240mmm,Dracaena Store,68.99,68.99,1,27.89
63d0db98dba2fe37f0585e68,Black,31.1,US,7-Apr-22,B09JG59MGK,120mm,Dracaena Store,49,49,1,17.9
63d4b8d7dba2fe37f0b2346b,Black,31.1,US,1-Jun-22,B09JG59MGK,120mm,Dracaena Store,49.99,99.98,2,37.78
63d4b8d7dba2fe37f0b2346c,Black,31.1,US,2-Jun-22,B09JG59MGK,120mm,Dracaena Store,25,49.99,2,-12.2
63d4b8d7dba2fe37f0b2346d,Black,31.1,US,3-Jun-22,B09JG59MGK,120mm,Dracaena Store,49.99,49.99,1,18.89
63d4b8d7dba2fe37f0b2346e,Black,31.1,US,4-Jun-22,B09JG59MGK,120mm,Dracaena Store,49.99,49.99,1,18.89
63d4b8d7dba2fe37f0b2347c,Black,31.1,US,18-Jun-22,B09JG59MGK,120mm,Dracaena Store,51.99,207.96,4,83.56
63d4b8d7dba2fe37f0b2347d,Black,31.1,US,19-Jun-22,B09JG59MGK,120mm,Dracaena Store,51.99,103.98,2,41.78
63d4b8d7dba2fe37f0b2347e,Black,31.1,US,20-Jun-22,B09JG59MGK,120mm,Dracaena Store,51.99,103.98,2,41.78
63d4b8d7dba2fe37f0b2347f,Black,31.1,US,21-Jun-22,B09JG59MGK,120mm,Dracaena Store,51.99,155.97,3,62.67
63d4b8d7dba2fe37f0b23470,Black,31.1,US,6-Jun-22,B09JG59MGK,120mm,Dracaena Store,49.99,49.99,1,18.89
63d4b8d7dba2fe37f0b23471,Black,31.1,US,7-Jun-22,B09JG59MGK,120mm,Dracaena Store,49.99,99.98,2,37.78
63d4b8d7dba2fe37f0b23473,Black,31.1,US,9-Jun-22,B09JG59MGK,120mm,Dracaena Store,49.99,49.99,1,18.89
63d4b8d7dba2fe37f0b23474,Black,31.1,US,10-Jun-22,B09JG59MGK,120mm,Dracaena Store,49.99,99.98,2,37.78
63d4b8d7dba2fe37f0b23475,Black,31.1,US,11-Jun-22,B09JG59MGK,120mm,Dracaena Store,49.99,49.99,1,18.89
63d4b8d7dba2fe37f0b23476,Black,31.1,US,12-Jun-22,B09JG59MGK,120mm,Dracaena Store,49.99,49.99,1,18.89
63d4b8d7dba2fe37f0b23477,Black,31.1,US,13-Jun-22,B09JG59MGK,120mm,Dracaena Store,49.99,99.98,2,37.78
63d4b8d7dba2fe37f0b23478,Black,31.1,US,14-Jun-22,B09JG59MGK,120mm,Dracaena Store,49.99,49.99,1,18.89
63d4b8d7dba2fe37f0b23479,Black,31.1,US,15-Jun-22,B09JG59MGK,120mm,Dracaena Store,49.99,299.94,6,113.34
63d4b8d7dba2fe37f0b23480,Black,31.1,US,22-Jun-22,B09JG59MGK,120mm,Dracaena Store,51.99,103.98,2,41.78
63d4b8d7dba2fe37f0b23481,Black,31.1,US,23-Jun-22,B09JG59MGK,120mm,Dracaena Store,51.99,103.98,2,41.78
63d4b8d7dba2fe37f0b23482,Black,31.1,US,24-Jun-22,B09JG59MGK,120mm,Dracaena Store,51.99,259.95,5,104.45
63d4b8d7dba2fe37f0b23483,Black,31.1,US,25-Jun-22,B09JG59MGK,120mm,Dracaena Store,51.99,155.97,3,62.67
63d4b8d7dba2fe37f0b23484,Black,31.1,US,26-Jun-22,B09JG59MGK,120mm,Dracaena Store,51.99,155.97,3,62.67
63d4b8d7dba2fe37f0b23485,Black,31.1,US,27-Jun-22,B09JG59MGK,120mm,Dracaena Store,51.99,207.96,4,83.56
63d4b8d7dba2fe37f0b23486,Black,31.1,US,28-Jun-22,B09JG59MGK,120mm,Dracaena Store,51.99,103.98,2,41.78
63d4b8d7dba2fe37f0b23487,Black,31.1,US,29-Jun-22,B09JG59MGK,120mm,Dracaena Store,51.99,155.97,3,62.67
63d4b8d7dba2fe37f0b23488,Black,31.1,US,30-Jun-22,B09JG59MGK,120mm,Dracaena Store,51.99,207.96,4,83.56
63d4b730dba2fe37f0b2237b,Black,41.1,US,15-Jun-22,B09JG4TTP2,240mmm,Dracaena Store,56.99,56.99,1,15.89
63d4b730dba2fe37f0b2237d,Black,41.1,US,17-Jun-22,B09JG4TTP2,240mmm,Dracaena Store,56.99,170.97,3,47.67
63d4b730dba2fe37f0b2237f,Black,41.1,US,19-Jun-22,B09JG4TTP2,240mmm,Dracaena Store,69,69,1,27.9
63d4b730dba2fe37f0b22372,Black,41.1,US,6-Jun-22,B09JG4TTP2,240mmm,Dracaena Store,56.99,56.99,1,15.89
63d4b730dba2fe37f0b22373,Black,41.1,US,7-Jun-22,B09JG4TTP2,240mmm,Dracaena Store,56.99,56.99,1,15.89
63d4b730dba2fe37f0b22377,Black,41.1,US,11-Jun-22,B09JG4TTP2,240mmm,Dracaena Store,56.99,113.98,2,31.78
63d4b730dba2fe37f0b22378,Black,41.1,US,12-Jun-22,B09JG4TTP2,240mmm,Dracaena Store,56.99,56.99,1,15.89
63d4b730dba2fe37f0b22379,Black,41.1,US,13-Jun-22,B09JG4TTP2,240mmm,Dracaena Store,56.99,170.97,3,47.67
63d4b730dba2fe37f0b22381,Black,41.1,US,21-Jun-22,B09JG4TTP2,240mmm,Dracaena Store,69,69,1,27.9
63d4b730dba2fe37f0b22386,Black,41.1,US,26-Jun-22,B09JG4TTP2,240mmm,Dracaena Store,69,69,1,27.9
63d4b730dba2fe37f0b22388,Black,41.1,US,28-Jun-22,B09JG4TTP2,240mmm,Dracaena Store,69,69,1,27.9
63d4b741dba2fe37f0b223aa,Black,51,US,2-Jun-22,B09JG5X1PY,360mm,Dracaena Store,86.99,86.99,1,35.99
63d4b741dba2fe37f0b223bf,Black,51,US,23-Jun-22,B09JG5X1PY,360mm,Dracaena Store,86.99,86.99,1,35.99
63d4b741dba2fe37f0b223c5,Black,51,US,29-Jun-22,B09JG5X1PY,360mm,Dracaena Store,86.99,86.99,1,35.99
63d7aca2e561b5a4b697f4d2,Black,31.1,JP,2-Sep-22,B09JG59MGK,120mm,Dracaena Store,55.993,111.986,2,49.786
63d8b4a115f0dd999069e679,Black,31.1,JP,3-Sep-22,B09JG59MGK,120mm,Dracaena Store,55.993,55.993,1,24.893
63d06ab4dba2fe37f0494dbd,Black,31.1,GB,29-Jun-22,B09JG59MGK,120mm,Dracaena Store,66.0273,66.0273,1,34.9273
63d06fd7dba2fe37f04a034b,Black,31.1,DE,7-Jul-22,B09JG59MGK,120mm,Dracaena Store,56.6691,56.6691,1,25.5691
63d06fd7dba2fe37f04a035d,Black,31.1,DE,25-Jul-22,B09JG59MGK,120mm,Dracaena Store,56.6691,56.6691,1,25.5691
63d45d98dba2fe37f0abbc8f,Black,31.1,CA,31-Jul-22,B09JG59MGK,120mm,Dracaena Store,52.44,52.44,1,21.34
63d45d98dba2fe37f0abbc92,Black,31.1,CA,3-Aug-22,B09JG59MGK,120mm,Dracaena Store,52.44,52.44,1,21.34
63d46a31dba2fe37f0acbdea,Black,31.1,JP,5-Jun-22,B09JG59MGK,120mm,Dracaena Store,39.893,39.893,1,8.793
63d46a31dba2fe37f0acbded,Black,31.1,JP,8-Jun-22,B09JG59MGK,120mm,Dracaena Store,39.893,39.893,1,8.793
63d46a31dba2fe37f0acbdf2,Black,31.1,JP,13-Jun-22,B09JG59MGK,120mm,Dracaena Store,39.893,39.893,1,8.793
63d46c2adba2fe37f0ace74c,Black,51,US,7-Aug-22,B09JG5X1PY,360mm,Dracaena Store,86,86,1,35
63d46c2adba2fe37f0ace75e,Black,51,US,25-Aug-22,B09JG5X1PY,360mm,Dracaena Store,86,86,1,35
63d46c2adba2fe37f0ace747,Black,51,US,2-Aug-22,B09JG5X1PY,360mm,Dracaena Store,86,86,1,35
63d46c2adba2fe37f0ace760,Black,51,US,27-Aug-22,B09JG5X1PY,360mm,Dracaena Store,86,86,1,35
63d46c8edba2fe37f0acef7e,Black,31.1,US,5-Aug-22,B09JG59MGK,120mm,Dracaena Store,52,52,1,20.9
63d46c8edba2fe37f0acef79,Black,31.1,US,31-Jul-22,B09JG59MGK,120mm,Dracaena Store,52,52,1,20.9
63d46c8edba2fe37f0acef85,Black,31.1,US,12-Aug-22,B09JG59MGK,120mm,Dracaena Store,52,52,1,20.9
63d46c8edba2fe37f0acef86,Black,31.1,US,13-Aug-22,B09JG59MGK,120mm,Dracaena Store,52,52,1,20.9
63d46f88dba2fe37f0ad2b8a,Black,31.1,JP,20-May-22,B09JG59MGK,120mm,Dracaena Store,39.893,39.893,1,8.793
63d46f88dba2fe37f0ad2b8c,Black,31.1,JP,22-May-22,B09JG59MGK,120mm,Dracaena Store,39.893,39.893,1,8.793
63d46f88dba2fe37f0ad2b83,Black,31.1,JP,13-May-22,B09JG59MGK,120mm,Dracaena Store,39.893,119.679,3,26.379
63d46f88dba2fe37f0ad2b85,Black,31.1,JP,15-May-22,B09JG59MGK,120mm,Dracaena Store,39.893,39.893,1,8.793
63d46f88dba2fe37f0ad2b86,Black,31.1,JP,16-May-22,B09JG59MGK,120mm,Dracaena Store,39.893,39.893,1,8.793
63d46f88dba2fe37f0ad2b88,Black,31.1,JP,18-May-22,B09JG59MGK,120mm,Dracaena Store,39.893,39.893,1,8.793
63d46f88dba2fe37f0ad2b96,Black,31.1,JP,1-Jun-22,B09JG59MGK,120mm,Dracaena Store,39.893,79.786,2,17.586
63d47c29dba2fe37f0ae2ad3,Black,31.1,CA,1-Jul-22,B09JG59MGK,120mm,Dracaena Store,52.3488,52.3488,1,21.2488
63d47c29dba2fe37f0ae2ade,Black,31.1,CA,12-Jul-22,B09JG59MGK,120mm,Dracaena Store,49.02,49.02,1,17.92
63d47c29dba2fe37f0ae2adf,Black,31.1,CA,13-Jul-22,B09JG59MGK,120mm,Dracaena Store,49.02,147.06,3,53.76
63d48b40dba2fe37f0af53b9,Black,41.1,US,17-Jul-22,B09JG4TTP2,240mmm,Dracaena Store,69,69,1,27.9
63d48b44dba2fe37f0af540b,Black,51,US,9-Jul-22,B09JG5X1PY,360mm,Dracaena Store,86.99,86.99,1,35.99
63d48b44dba2fe37f0af541e,Black,51,US,28-Jul-22,B09JG5X1PY,360mm,Dracaena Store,86,86,1,35
63d48b44dba2fe37f0af5406,Black,51,US,4-Jul-22,B09JG5X1PY,360mm,Dracaena Store,86.99,86.99,1,35.99
63d48b44dba2fe37f0af5417,Black,51,US,21-Jul-22,B09JG5X1PY,360mm,Dracaena Store,86,86,1,35
63d48ba8dba2fe37f0af5c1a,Black,31.1,US,2-Jul-22,B09JG59MGK,120mm,Dracaena Store,51.99,51.99,1,20.89
63d48ba8dba2fe37f0af5c1b,Black,31.1,US,3-Jul-22,B09JG59MGK,120mm,Dracaena Store,51.99,51.99,1,20.89
63d48ba8dba2fe37f0af5c1c,Black,31.1,US,4-Jul-22,B09JG59MGK,120mm,Dracaena Store,51.99,103.98,2,41.78
63d48ba8dba2fe37f0af5c1d,Black,31.1,US,5-Jul-22,B09JG59MGK,120mm,Dracaena Store,51.99,103.98,2,41.78
63d48ba8dba2fe37f0af5c1e,Black,31.1,US,6-Jul-22,B09JG59MGK,120mm,Dracaena Store,51.99,155.97,3,62.67
63d48ba8dba2fe37f0af5c1f,Black,31.1,US,7-Jul-22,B09JG59MGK,120mm,Dracaena Store,51.99,103.98,2,41.78
63d48ba8dba2fe37f0af5c2a,Black,31.1,US,18-Jul-22,B09JG59MGK,120mm,Dracaena Store,52,52,1,20.9
63d48ba8dba2fe37f0af5c2c,Black,31.1,US,20-Jul-22,B09JG59MGK,120mm,Dracaena Store,52,208,4,83.6
63d48ba8dba2fe37f0af5c2d,Black,31.1,US,21-Jul-22,B09JG59MGK,120mm,Dracaena Store,52,52,1,20.9
63d48ba8dba2fe37f0af5c19,Black,31.1,US,1-Jul-22,B09JG59MGK,120mm,Dracaena Store,51.99,207.96,4,83.56
63d48ba8dba2fe37f0af5c20,Black,31.1,US,8-Jul-22,B09JG59MGK,120mm,Dracaena Store,51.99,51.99,1,20.89
63d48ba8dba2fe37f0af5c21,Black,31.1,US,9-Jul-22,B09JG59MGK,120mm,Dracaena Store,26,51.99,2,-10.2
63d48ba8dba2fe37f0af5c23,Black,31.1,US,11-Jul-22,B09JG59MGK,120mm,Dracaena Store,63,126,2,63.8
63d48ba8dba2fe37f0af5c24,Black,31.1,US,12-Jul-22,B09JG59MGK,120mm,Dracaena Store,47.25,236.25,5,80.75
63d48ba8dba2fe37f0af5c25,Black,31.1,US,13-Jul-22,B09JG59MGK,120mm,Dracaena Store,47.25,567,12,193.8
63d48ba8dba2fe37f0af5c27,Black,31.1,US,15-Jul-22,B09JG59MGK,120mm,Dracaena Store,52,52,1,20.9
63d48ba8dba2fe37f0af5c29,Black,31.1,US,17-Jul-22,B09JG59MGK,120mm,Dracaena Store,52,52,1,20.9
63d48ba8dba2fe37f0af5c30,Black,31.1,US,24-Jul-22,B09JG59MGK,120mm,Dracaena Store,52,364,7,146.3
63d48ba8dba2fe37f0af5c33,Black,31.1,US,27-Jul-22,B09JG59MGK,120mm,Dracaena Store,52,104,2,41.8
63d48ba8dba2fe37f0af5c34,Black,31.1,US,28-Jul-22,B09JG59MGK,120mm,Dracaena Store,52,52,1,20.9
63d48ba8dba2fe37f0af5c35,Black,31.1,US,29-Jul-22,B09JG59MGK,120mm,Dracaena Store,52,156,3,62.7
63d48ba8dba2fe37f0af5c36,Black,31.1,US,30-Jul-22,B09JG59MGK,120mm,Dracaena Store,52,260,5,104.5
63d49b39dba2fe37f0b096a4,Black,31.1,CA,4-Jun-22,B09JG59MGK,120mm,Dracaena Store,52.3488,52.3488,1,21.2488
63d49b39dba2fe37f0b096b1,Black,31.1,CA,17-Jun-22,B09JG59MGK,120mm,Dracaena Store,52.3488,52.3488,1,21.2488
63d49b39dba2fe37f0b096b2,Black,31.1,CA,18-Jun-22,B09JG59MGK,120mm,Dracaena Store,52.3488,52.3488,1,21.2488
63d49b39dba2fe37f0b096bc,Black,31.1,CA,28-Jun-22,B09JG59MGK,120mm,Dracaena Store,52.3488,52.3488,1,21.2488
63d49b39dba2fe37f0b096be,Black,31.1,CA,30-Jun-22,B09JG59MGK,120mm,Dracaena Store,52.3488,52.3488,1,21.2488
63d80b2ae561b5a4b69b18df,Black,41.1,CA,9-Sep-22,B09JG4TTP2,240mmm,Dracaena Store,60.04,60.04,1,18.94
63d81a6ce561b5a4b69bb063,Black,51,US,7-Sep-22,B09JG5X1PY,360mm,Dracaena Store,86,86,1,35
63d81ad2e561b5a4b69bb5c9,Black,31.1,US,9-Sep-22,B09JG59MGK,120mm,Dracaena Store,52,52,1,20.9
63d141b5dba2fe37f0630d74,Black,41.1,US,8-Feb-22,B09JG4TTP2,240mmm,Dracaena Store,69,207,3,83.7
63d185efdba2fe37f069714a,Black,41.1,US,14-Dec-21,B09JG4TTP2,240mmm,Dracaena Store,65.99,65.99,1,24.89
63d185efdba2fe37f069714d,Black,41.1,US,17-Dec-21,B09JG4TTP2,240mmm,Dracaena Store,65.99,65.99,1,24.89
63d185efdba2fe37f0697155,Black,41.1,US,25-Dec-21,B09JG4TTP2,240mmm,Dracaena Store,65,130,2,47.8
63d185efdba2fe37f0697157,Black,41.1,US,27-Dec-21,B09JG4TTP2,240mmm,Dracaena Store,65,65,1,23.9
63d185efdba2fe37f0697158,Black,41.1,US,28-Dec-21,B09JG4TTP2,240mmm,Dracaena Store,65,65,1,23.9
63d464d4dba2fe37f0ac4fef,Black,31.1,JP,20-Jul-22,B09JG59MGK,120mm,Dracaena Store,52.493,52.493,1,21.393
63d474a4dba2fe37f0ad90e3,Black,31.1,MX,13-Jul-22,B09JG59MGK,120mm,Dracaena Store,58.07714,58.07714,1,26.97714
63d474f6dba2fe37f0ad97bb,Black,31.1,JP,27-Apr-22,B09JG59MGK,120mm,Dracaena Store,41.993,41.993,1,10.893
63d474f6dba2fe37f0ad97bf,Black,31.1,JP,1-May-22,B09JG59MGK,120mm,Dracaena Store,41.993,41.993,1,10.893
63d474f6dba2fe37f0ad97c0,Black,31.1,JP,2-May-22,B09JG59MGK,120mm,Dracaena Store,41.993,41.993,1,10.893
63d493bfdba2fe37f0affec8,Black,31.1,MX,8-Jun-22,B09JG59MGK,120mm,Dracaena Store,62.64,62.64,1,31.54
63d1426ddba2fe37f063163d,Black,31.1,US,7-Feb-22,B09JG59MGK,120mm,Dracaena Store,49,49,1,17.9
63d1690fdba2fe37f066368d,Black,41.1,US,18-Jan-22,B09JG4TTP2,240mmm,Dracaena Store,65,65,1,23.9
63d1690fdba2fe37f0663683,Black,41.1,US,8-Jan-22,B09JG4TTP2,240mmm,Dracaena Store,65,65,1,23.9
63d1690fdba2fe37f0663692,Black,41.1,US,23-Jan-22,B09JG4TTP2,240mmm,Dracaena Store,65,65,1,23.9
63d1690fdba2fe37f0663694,Black,41.1,US,25-Jan-22,B09JG4TTP2,240mmm,Dracaena Store,65,65,1,23.9
63d03888dba2fe37f0432c5b,Black,31.1,DE,27-Jul-22,B09JG59MGK,120mm,Dracaena Store,60.5604,60.5604,1,29.4604
63d03888dba2fe37f0432c64,Black,31.1,DE,5-Aug-22,B09JG59MGK,120mm,Dracaena Store,61.0509,61.0509,1,29.9509
63d03888dba2fe37f0432c65,Black,31.1,DE,6-Aug-22,B09JG59MGK,120mm,Dracaena Store,61.0509,61.0509,1,29.9509
63d03888dba2fe37f0432c69,Black,31.1,DE,10-Aug-22,B09JG59MGK,120mm,Dracaena Store,61.0509,61.0509,1,29.9509
63d11169dba2fe37f05f47a4,Black,31.1,GB,20-Jun-22,B09JG59MGK,120mm,Dracaena Store,55.118,55.118,1,24.018
63d11169dba2fe37f05f4790,Black,31.1,GB,31-May-22,B09JG59MGK,120mm,Dracaena Store,53.8734,53.8734,1,22.7734
63d11169dba2fe37f05f4791,Black,31.1,GB,1-Jun-22,B09JG59MGK,120mm,Dracaena Store,53.8734,107.7468,2,45.5468
63d16277dba2fe37f0657821,Black,31.1,GB,20-May-22,B09JG59MGK,120mm,Dracaena Store,54.5973,54.5973,1,23.4973
63d16277dba2fe37f0657825,Black,31.1,GB,24-May-22,B09JG59MGK,120mm,Dracaena Store,54.5973,54.5973,1,23.4973
63d16277dba2fe37f0657827,Black,31.1,GB,26-May-22,B09JG59MGK,120mm,Dracaena Store,54.2417,216.9414,4,92.5668
63d16277dba2fe37f0657828,Black,31.1,GB,27-May-22,B09JG59MGK,120mm,Dracaena Store,53.8734,53.8734,1,22.7734
63d16913dba2fe37f066370a,Black,51,US,23-Jan-22,B09JG5X1PY,360mm,Dracaena Store,89,89,1,38
63d16913dba2fe37f0663700,Black,51,US,13-Jan-22,B09JG5X1PY,360mm,Dracaena Store,89,89,1,38
63d16973dba2fe37f066410a,Black,31.1,US,3-Jan-22,B09JG59MGK,120mm,Dracaena Store,45,90,2,27.8
63d16973dba2fe37f066410b,Black,31.1,US,4-Jan-22,B09JG59MGK,120mm,Dracaena Store,45,45,1,13.9
63d16973dba2fe37f066410c,Black,31.1,US,5-Jan-22,B09JG59MGK,120mm,Dracaena Store,45,135,3,41.7
63d16973dba2fe37f066410d,Black,31.1,US,6-Jan-22,B09JG59MGK,120mm,Dracaena Store,45,45,1,13.9
63d16973dba2fe37f066411a,Black,31.1,US,19-Jan-22,B09JG59MGK,120mm,Dracaena Store,45,90,2,27.8
63d16973dba2fe37f066411d,Black,31.1,US,22-Jan-22,B09JG59MGK,120mm,Dracaena Store,45,135,3,41.7
63d16973dba2fe37f066411e,Black,31.1,US,23-Jan-22,B09JG59MGK,120mm,Dracaena Store,45,45,1,13.9
63d16973dba2fe37f066411f,Black,31.1,US,24-Jan-22,B09JG59MGK,120mm,Dracaena Store,45,135,3,41.7
63d16973dba2fe37f0664107,Black,31.1,US,31-Dec-21,B09JG59MGK,120mm,Dracaena Store,45,90,2,27.8
63d16973dba2fe37f0664112,Black,31.1,US,11-Jan-22,B09JG59MGK,120mm,Dracaena Store,45,45,1,13.9
63d16973dba2fe37f0664114,Black,31.1,US,13-Jan-22,B09JG59MGK,120mm,Dracaena Store,45,90,2,27.8
63d16973dba2fe37f0664115,Black,31.1,US,14-Jan-22,B09JG59MGK,120mm,Dracaena Store,45,90,2,27.8
63d16973dba2fe37f0664116,Black,31.1,US,15-Jan-22,B09JG59MGK,120mm,Dracaena Store,45,45,1,13.9
63d16973dba2fe37f0664118,Black,31.1,US,17-Jan-22,B09JG59MGK,120mm,Dracaena Store,45,135,3,41.7
63d16973dba2fe37f0664119,Black,31.1,US,18-Jan-22,B09JG59MGK,120mm,Dracaena Store,45,90,2,27.8
63d16973dba2fe37f0664120,Black,31.1,US,25-Jan-22,B09JG59MGK,120mm,Dracaena Store,45,90,2,27.8
63d16973dba2fe37f0664121,Black,31.1,US,26-Jan-22,B09JG59MGK,120mm,Dracaena Store,49,49,1,17.9
63d18651dba2fe37f0697cbe,Black,31.1,US,6-Dec-21,B09JG59MGK,120mm,Dracaena Store,45.99,45.99,1,14.89
63d18651dba2fe37f0697cbf,Black,31.1,US,7-Dec-21,B09JG59MGK,120mm,Dracaena Store,45.99,45.99,1,14.89
63d18651dba2fe37f0697cc0,Black,31.1,US,8-Dec-21,B09JG59MGK,120mm,Dracaena Store,45.99,45.99,1,14.89
63d18651dba2fe37f0697cc4,Black,31.1,US,12-Dec-21,B09JG59MGK,120mm,Dracaena Store,45.99,45.99,1,14.89
63d18651dba2fe37f0697cc6,Black,31.1,US,14-Dec-21,B09JG59MGK,120mm,Dracaena Store,45.99,45.99,1,14.89
63d18651dba2fe37f0697cc7,Black,31.1,US,15-Dec-21,B09JG59MGK,120mm,Dracaena Store,45.99,45.99,1,14.89
63d18651dba2fe37f0697cce,Black,31.1,US,22-Dec-21,B09JG59MGK,120mm,Dracaena Store,45.99,91.98,2,29.78
63d18651dba2fe37f0697cd1,Black,31.1,US,25-Dec-21,B09JG59MGK,120mm,Dracaena Store,45,45,1,13.9
63d18651dba2fe37f0697cd2,Black,31.1,US,26-Dec-21,B09JG59MGK,120mm,Dracaena Store,45,90,2,27.8
63d18651dba2fe37f0697cd3,Black,31.1,US,27-Dec-21,B09JG59MGK,120mm,Dracaena Store,45,45,1,13.9
63d18651dba2fe37f0697cd4,Black,31.1,US,28-Dec-21,B09JG59MGK,120mm,Dracaena Store,45,45,1,13.9
63e2f6ec58ed550a45d8ba5a,Black,31.1,US,10-Sep-22,B09JG59MGK,120mm,Dracaena Store,52,52,1,20.9
63e4741d58ed550a45f84c6c,Black,41.1,US,11-Sep-22,B09JG4TTP2,240mmm,Dracaena Store,69,69,1,27.9
63e4748c58ed550a45f8524a,Black,31.1,US,13-Sep-22,B09JG59MGK,120mm,Dracaena Store,52,156,3,62.7
63e4748c58ed550a45f85248,Black,31.1,US,11-Sep-22,B09JG59MGK,120mm,Dracaena Store,52,104,2,41.8
63e869157d111e070f946be3,Black,31.1,US,14-Sep-22,B09JG59MGK,120mm,Dracaena Store,52,52,1,20.9
63ea5f54b65d634d6936bd98,Black,41.1,US,16-Sep-22,B09JG4TTP2,240mmm,Dracaena Store,69,69,1,27.9
63ea5fccb65d634d6936cb8a,Black,31.1,US,16-Sep-22,B09JG59MGK,120mm,Dracaena Store,52,52,1,20.9
63eb02cab65d634d6946328e,Black,41.1,CA,19-Sep-22,B09JG4TTP2,240mmm,Dracaena Store,60.04,60.04,1,18.94
63eb132cb65d634d6948002a,Black,41.1,US,21-Sep-22,B09JG4TTP2,240mmm,Dracaena Store,69,69,1,27.9
63eb132cb65d634d69480027,Black,41.1,US,18-Sep-22,B09JG4TTP2,240mmm,Dracaena Store,69,69,1,27.9
63eb1399b65d634d69480b6a,Black,31.1,US,21-Sep-22,B09JG59MGK,120mm,Dracaena Store,52,104,2,41.8
63eb1399b65d634d69480b66,Black,31.1,US,17-Sep-22,B09JG59MGK,120mm,Dracaena Store,52,52,1,20.9
63eb1399b65d634d69480b67,Black,31.1,US,18-Sep-22,B09JG59MGK,120mm,Dracaena Store,52,52,1,20.9
63eb1399b65d634d69480b68,Black,31.1,US,19-Sep-22,B09JG59MGK,120mm,Dracaena Store,52,104,2,41.8
63eb1399b65d634d69480b69,Black,31.1,US,20-Sep-22,B09JG59MGK,120mm,Dracaena Store,52,156,3,62.7
63ed1d1cb65d634d696b7fb0,Black,31.1,AU,18-Sep-22,B09JG59MGK,120mm,Dracaena Store,60.97,60.97,1,29.87
63f4e58b6b5148a575c02dbe,Black,31.1,US,24-Sep-22,B09JG59MGK,120mm,Dracaena Store,52,104,2,41.8
63f4e5126b5148a575c0218e,Black,41.1,US,24-Sep-22,B09JG4TTP2,240mmm,Dracaena Store,69,69,1,27.9
63f4e5176b5148a575c02224,Black,51,US,24-Sep-22,B09JG5X1PY,360mm,Dracaena Store,86,86,1,35
63f26adbea6105710225e604,Black,31.1,US,22-Sep-22,B09JG59MGK,120mm,Dracaena Store,52,52,1,20.9
63f26adbea6105710225e605,Black,31.1,US,23-Sep-22,B09JG59MGK,120mm,Dracaena Store,52,104,2,41.8
63f81ead6b5148a575091740,Black,51,US,26-Sep-22,B09JG5X1PY,360mm,Dracaena Store,86,86,1,35
63f81f186b5148a575091f92,Black,31.1,US,26-Sep-22,B09JG59MGK,120mm,Dracaena Store,39,156,4,31.6
63f091ffb137a68bcc6b9fe6,Black,31.1,DE,21-Sep-22,B09JG59MGK,120mm,Dracaena Store,61.5632,61.5632,1,30.4632
63f919ee6b5148a5751cfa58,Black,31.1,US,27-Sep-22,B09JG59MGK,120mm,Dracaena Store,52,156,3,62.7
63f2957bea6105710229d64c,Black,31.1,DE,22-Sep-22,B09JG59MGK,120mm,Dracaena Store,61.5632,61.5632,1,30.4632
63f2957bea6105710229d64d,Black,31.1,DE,23-Sep-22,B09JG59MGK,120mm,Dracaena Store,61.3125,122.6141,2,60.425
63f6873e6b5148a575e6a304,Black,31.1,US,25-Sep-22,B09JG59MGK,120mm,Dracaena Store,52,52,1,20.9
63f25997ea61057102240cef,Black,41.1,CA,23-Sep-22,B09JG4TTP2,240mmm,Dracaena Store,60.04,60.04,1,18.94
63f751776b5148a575f94fba,Black,31.1,JP,8-Oct-22,B09JG59MGK,120mm,Dracaena Store,55.993,55.993,1,24.893
63fa834e6b5148a57539d074,Black,31.1,US,28-Sep-22,B09JG59MGK,120mm,Dracaena Store,52,156,3,62.7
63fbc75d6b5148a5754fc84a,Black,31.1,DE,1-Oct-22,B09JG59MGK,120mm,Dracaena Store,61.0509,61.0509,1,29.9509
63fbc8316b5148a5754fd898,Black,41.1,DE,5-Oct-22,B09JG4TTP2,240mmm,Dracaena Store,65.4,65.4,1,24.3
63fc12276b5148a5755416e6,Black,31.1,US,29-Sep-22,B09JG59MGK,120mm,Dracaena Store,48,624,13,219.7
63fcfb656b5148a5755e97a6,Black,41.1,US,30-Sep-22,B09JG4TTP2,240mmm,Dracaena Store,69,69,1,27.9
63fcfbea6b5148a5755e9d64,Black,31.1,US,30-Sep-22,B09JG59MGK,120mm,Dracaena Store,52,156,3,62.7
63fe27e26b5148a575688680,Black,51,US,1-Oct-22,B09JG5X1PY,360mm,Dracaena Store,86,86,1,35
63fe28626b5148a575688bc6,Black,31.1,US,1-Oct-22,B09JG59MGK,120mm,Dracaena Store,52,260,5,104.5
63feec156b5148a5756f1577,Black,41.1,CA,7-Oct-22,B09JG4TTP2,240mmm,Dracaena Store,60.04,60.04,1,18.94
63feec156b5148a5756f1578,Black,41.1,CA,8-Oct-22,B09JG4TTP2,240mmm,Dracaena Store,60.04,60.04,1,18.94
63feeca06b5148a5756f1b6e,Black,31.1,CA,4-Oct-22,B09JG59MGK,120mm,Dracaena Store,52.44,52.44,1,21.34
63ff00c56b5148a5756febc9,Black,31.1,US,3-Oct-22,B09JG59MGK,120mm,Dracaena Store,52,208,4,83.6
63ff00c56b5148a5756febca,Black,31.1,US,4-Oct-22,B09JG59MGK,120mm,Dracaena Store,52,468,9,188.1
63ff00c56b5148a5756febcb,Black,31.1,US,5-Oct-22,B09JG59MGK,120mm,Dracaena Store,52,156,3,62.7
63ff00c56b5148a5756febcc,Black,31.1,US,6-Oct-22,B09JG59MGK,120mm,Dracaena Store,52,156,3,62.7
63ff00c56b5148a5756febcd,Black,31.1,US,7-Oct-22,B09JG59MGK,120mm,Dracaena Store,52,52,1,20.9
63ff00c56b5148a5756febce,Black,31.1,US,8-Oct-22,B09JG59MGK,120mm,Dracaena Store,52,208,4,83.6
63ff00c56b5148a5756febcf,Black,31.1,US,9-Oct-22,B09JG59MGK,120mm,Dracaena Store,52,208,4,83.6
63ff00c56b5148a5756febd0,Black,31.1,US,10-Oct-22,B09JG59MGK,120mm,Dracaena Store,46,414,9,134.1
63ff003f6b5148a5756fe60c,Black,41.1,US,4-Oct-22,B09JG4TTP2,240mmm,Dracaena Store,69,69,1,27.9
63ff003f6b5148a5756fe60d,Black,41.1,US,5-Oct-22,B09JG4TTP2,240mmm,Dracaena Store,69,69,1,27.9
63ff003f6b5148a5756fe60f,Black,41.1,US,7-Oct-22,B09JG4TTP2,240mmm,Dracaena Store,69,69,1,27.9
63ff003f6b5148a5756fe610,Black,41.1,US,8-Oct-22,B09JG4TTP2,240mmm,Dracaena Store,69,69,1,27.9
63ff003f6b5148a5756fe612,Black,41.1,US,10-Oct-22,B09JG4TTP2,240mmm,Dracaena Store,62,62,1,20.9
63ff00456b5148a5756fe648,Black,51,US,4-Oct-22,B09JG5X1PY,360mm,Dracaena Store,86,86,1,35
640bb3964c54910acbb3d758,Black,31.1,US,11-Oct-22,B09JG59MGK,120mm,Dracaena Store,46,368,8,119.2
640c74c61bb907e393404659,Black,31.1,AU,19-Oct-22,B09JG59MGK,120mm,Dracaena Store,65.66,65.66,1,34.56
640cd1531bb907e39347454c,Black,31.1,JP,12-Oct-22,B09JG59MGK,120mm,Dracaena Store,51.093,51.093,1,19.993
640d8d551bb907e39356c904,Black,31.1,DE,12-Oct-22,B09JG59MGK,120mm,Dracaena Store,61.5632,61.5632,1,30.4632
640d17ec1bb907e3934d2692,Black,41.1,US,12-Oct-22,B09JG4TTP2,240mmm,Dracaena Store,69,69,1,27.9
640d17f01bb907e3934d270a,Black,51,US,12-Oct-22,B09JG5X1PY,360mm,Dracaena Store,77,77,1,26
640d18551bb907e3934d320e,Black,31.1,US,12-Oct-22,B09JG59MGK,120mm,Dracaena Store,52,260,5,104.5
640d87591bb907e393563106,Black,31.1,GB,12-Oct-22,B09JG59MGK,120mm,Dracaena Store,60.9473,60.9473,1,29.8473
640da6931bb907e393587358,Black,41.1,IT,12-Oct-22,B09JG4TTP2,240mmm,Dracaena Store,75.21,75.21,1,34.11
640df1ba1bb907e3935d431a,Black,41.1,CA,13-Oct-22,B09JG4TTP2,240mmm,Dracaena Store,60.04,60.04,1,18.94
640df2281bb907e3935d4b8a,Black,31.1,CA,13-Oct-22,B09JG59MGK,120mm,Dracaena Store,52.44,52.44,1,21.34
640e01a81bb907e3935ece42,Black,51,US,13-Oct-22,B09JG5X1PY,360mm,Dracaena Store,86,86,1,35
640e609d1bb907e393667368,Black,31.1,JP,14-Oct-22,B09JG59MGK,120mm,Dracaena Store,51.093,51.093,1,19.993
640e609d1bb907e393667375,Black,31.1,JP,27-Oct-22,B09JG59MGK,120mm,Dracaena Store,53.186,53.186,1,22.086
640e02111bb907e3935ed8ce,Black,31.1,US,13-Oct-22,B09JG59MGK,120mm,Dracaena Store,52,260,5,104.5
640f88e21bb907e3937935fc,Black,31.1,US,14-Oct-22,B09JG59MGK,120mm,Dracaena Store,52,156,3,62.7
640f88781bb907e39379305c,Black,41.1,US,14-Oct-22,B09JG4TTP2,240mmm,Dracaena Store,69,69,1,27.9
642a02968c830bbda334b72a,Black,41.1,US,4-Nov-22,B09JG4TTP2,240mmm,Dracaena Store,69,207,3,83.7
642a02968c830bbda334b729,Black,41.1,US,3-Nov-22,B09JG4TTP2,240mmm,Dracaena Store,46,138,3,14.7
642a03058c830bbda334c1b5,Black,31.1,US,3-Nov-22,B09JG59MGK,120mm,Dracaena Store,52,416,8,167.2
642a03058c830bbda334c1b6,Black,31.1,US,4-Nov-22,B09JG59MGK,120mm,Dracaena Store,52,468,9,188.1
642cc5e3297d80a266ec3f25,Black,41.1,US,5-Nov-22,B09JG4TTP2,240mmm,Dracaena Store,69,69,1,27.9
642cc5e3297d80a266ec3f27,Black,41.1,US,7-Nov-22,B09JG4TTP2,240mmm,Dracaena Store,69,69,1,27.9
642cc5e3297d80a266ec3f28,Black,41.1,US,8-Nov-22,B09JG4TTP2,240mmm,Dracaena Store,69,69,1,27.9
642cc677297d80a266ec4aa1,Black,31.1,US,5-Nov-22,B09JG59MGK,120mm,Dracaena Store,52,364,7,146.3
642cc677297d80a266ec4aa2,Black,31.1,US,6-Nov-22,B09JG59MGK,120mm,Dracaena Store,52,364,7,146.3
642cc677297d80a266ec4aa3,Black,31.1,US,7-Nov-22,B09JG59MGK,120mm,Dracaena Store,54.99,219.96,4,95.56
642cc677297d80a266ec4aa4,Black,31.1,US,8-Nov-22,B09JG59MGK,120mm,Dracaena Store,50.27,904.93,18,345.06
643ebcd6c0c3edd418d542b3,Black,31.1,JP,19-Nov-22,B09JG59MGK,120mm,Dracaena Store,46.186,46.186,1,15.086
643f2ae1c0c3edd418dd2aa5,Black,31.1,CA,19-Nov-22,B09JG59MGK,120mm,Dracaena Store,52.44,52.44,1,21.34
643f438cc0c3edd418deef75,Black,31.1,US,19-Nov-22,B09JG59MGK,120mm,Dracaena Store,55,275,5,119.5
649a6ef8fcf18ae63867a828,Black,31.1,AU,30-Mar-23,B09JG59MGK,120mm,Dracaena Store,53.8144,53.8144,1,22.7144
649a7c87fcf18ae63868eae7,Black,31.1,AU,1-Feb-23,B09JG59MGK,120mm,Dracaena Store,63.3083,63.3083,1,32.2083
649a7c87fcf18ae63868eafb,Black,31.1,AU,21-Feb-23,B09JG59MGK,120mm,Dracaena Store,56.6083,56.6083,1,25.5083
649a821378eebbe0e4c531e7,Black,31.1,US,29-Dec-22,B09JG59MGK,120mm,Ingenious Store,56.99,284.95,5,129.45
649ba22d53a4ec2274b93da8,Black,31.1,MX,6-Jun-23,B09JG59MGK,120mm,Dracaena Store,75.342,75.342,1,44.242
649ba22d53a4ec2274b93db4,Black,31.1,MX,18-Jun-23,B09JG59MGK,120mm,Dracaena Store,75.342,75.342,1,44.242
649ba73353a4ec2274b9b70d,Black,31.1,JP,4-May-23,B09JG59MGK,120mm,Dracaena Store,55.993,55.993,1,24.893
649ba73353a4ec2274b9b70f,Black,31.1,JP,6-May-23,B09JG59MGK,120mm,Dracaena Store,55.993,167.979,3,74.679
649ba73353a4ec2274b9b714,Black,31.1,JP,11-May-23,B09JG59MGK,120mm,Dracaena Store,55.993,111.986,2,49.786
649ba73353a4ec2274b9b716,Black,31.1,JP,13-May-23,B09JG59MGK,120mm,Dracaena Store,55.993,111.986,2,49.786
649ba73353a4ec2274b9b717,Black,31.1,JP,14-May-23,B09JG59MGK,120mm,Dracaena Store,55.993,55.993,1,24.893
649bac9053a4ec2274ba4156,Black,31.1,CA,4-Jun-23,B09JG59MGK,120mm,Dracaena Store,58.52,58.52,1,27.42
649bae9253a4ec2274ba6d9d,Black,51,JP,31-Mar-23,B09JG5X1PY,360mm,Dracaena Store,104.293,104.293,1,53.293
649baeb853a4ec2274ba71a0,Black,31.1,JP,7-Apr-23,B09JG59MGK,120mm,Dracaena Store,47.593,47.593,1,16.493
649baeb853a4ec2274ba71a2,Black,31.1,JP,9-Apr-23,B09JG59MGK,120mm,Dracaena Store,47.593,47.593,1,16.493
649baeb853a4ec2274ba71a3,Black,31.1,JP,10-Apr-23,B09JG59MGK,120mm,Dracaena Store,47.593,47.593,1,16.493
649baeb853a4ec2274ba71a4,Black,31.1,JP,11-Apr-23,B09JG59MGK,120mm,Dracaena Store,47.593,47.593,1,16.493
649baeb853a4ec2274ba71a5,Black,31.1,JP,12-Apr-23,B09JG59MGK,120mm,Dracaena Store,47.593,95.186,2,32.986
649baeb853a4ec2274ba71a6,Black,31.1,JP,13-Apr-23,B09JG59MGK,120mm,Dracaena Store,55.993,55.993,1,24.893
649baeb853a4ec2274ba71a8,Black,31.1,JP,15-Apr-23,B09JG59MGK,120mm,Dracaena Store,47.593,47.593,1,16.493
649baeb853a4ec2274ba71ac,Black,31.1,JP,19-Apr-23,B09JG59MGK,120mm,Dracaena Store,47.593,47.593,1,16.493
649baeb853a4ec2274ba71ad,Black,31.1,JP,20-Apr-23,B09JG59MGK,120mm,Dracaena Store,47.593,95.186,2,32.986
649baeb853a4ec2274ba71ae,Black,31.1,JP,21-Apr-23,B09JG59MGK,120mm,Dracaena Store,47.593,47.593,1,16.493
649baeb853a4ec2274ba71af,Black,31.1,JP,22-Apr-23,B09JG59MGK,120mm,Dracaena Store,47.593,47.593,1,16.493
649baeb853a4ec2274ba71b0,Black,31.1,JP,23-Apr-23,B09JG59MGK,120mm,Dracaena Store,47.593,95.186,2,32.986
649baeb853a4ec2274ba71b1,Black,31.1,JP,24-Apr-23,B09JG59MGK,120mm,Dracaena Store,47.593,190.372,4,65.972
649baeb853a4ec2274ba71b2,Black,31.1,JP,25-Apr-23,B09JG59MGK,120mm,Dracaena Store,47.593,142.779,3,49.479
649baeb853a4ec2274ba71b3,Black,31.1,JP,26-Apr-23,B09JG59MGK,120mm,Dracaena Store,47.593,190.372,4,65.972
649baeb853a4ec2274ba71b5,Black,31.1,JP,28-Apr-23,B09JG59MGK,120mm,Dracaena Store,47.593,47.593,1,16.493
649baeb853a4ec2274ba719a,Black,31.1,JP,1-Apr-23,B09JG59MGK,120mm,Dracaena Store,55.993,55.993,1,24.893
649baeb853a4ec2274ba719c,Black,31.1,JP,3-Apr-23,B09JG59MGK,120mm,Dracaena Store,55.993,167.979,3,74.679
649baeb853a4ec2274ba719d,Black,31.1,JP,4-Apr-23,B09JG59MGK,120mm,Dracaena Store,55.993,55.993,1,24.893
649baeb853a4ec2274ba719e,Black,31.1,JP,5-Apr-23,B09JG59MGK,120mm,Dracaena Store,55.993,55.993,1,24.893
649baeb853a4ec2274ba719f,Black,31.1,JP,6-Apr-23,B09JG59MGK,120mm,Dracaena Store,47.593,95.186,2,32.986
649bb94c53a4ec2274bb811e,Black,31.1,GB,29-May-23,B09JG59MGK,120mm,Dracaena Store,64.77,64.77,1,33.67
649bb94c53a4ec2274bb812e,Black,31.1,GB,14-Jun-23,B09JG59MGK,120mm,Dracaena Store,64.77,64.77,1,33.67
649bb94c53a4ec2274bb8121,Black,31.1,GB,1-Jun-23,B09JG59MGK,120mm,Dracaena Store,64.77,129.54,2,67.34
649bb94c53a4ec2274bb8122,Black,31.1,GB,2-Jun-23,B09JG59MGK,120mm,Dracaena Store,64.77,64.77,1,33.67
649bb94c53a4ec2274bb8123,Black,31.1,GB,3-Jun-23,B09JG59MGK,120mm,Dracaena Store,64.77,64.77,1,33.67
649bb94c53a4ec2274bb8131,Black,31.1,GB,17-Jun-23,B09JG59MGK,120mm,Dracaena Store,64.77,64.77,1,33.67
649bb94c53a4ec2274bb8133,Black,31.1,GB,19-Jun-23,B09JG59MGK,120mm,Dracaena Store,64.77,64.77,1,33.67
649bb94c53a4ec2274bb8135,Black,31.1,GB,21-Jun-23,B09JG59MGK,120mm,Dracaena Store,64.77,64.77,1,33.67
649bb94c53a4ec2274bb8138,Black,31.1,GB,24-Jun-23,B09JG59MGK,120mm,Dracaena Store,64.77,64.77,1,33.67
649bbd3f53a4ec2274bbe0be,Black,31.1,JP,28-Feb-23,B09JG59MGK,120mm,Dracaena Store,55.993,167.979,3,74.679
649bbd3f53a4ec2274bbe0bf,Black,31.1,JP,1-Mar-23,B09JG59MGK,120mm,Dracaena Store,55.993,55.993,1,24.893
649bbd3f53a4ec2274bbe0c1,Black,31.1,JP,3-Mar-23,B09JG59MGK,120mm,Dracaena Store,55.993,55.993,1,24.893
649bbd3f53a4ec2274bbe0c2,Black,31.1,JP,4-Mar-23,B09JG59MGK,120mm,Dracaena Store,55.993,111.986,2,49.786
649bbd3f53a4ec2274bbe0c4,Black,31.1,JP,6-Mar-23,B09JG59MGK,120mm,Dracaena Store,55.993,111.986,2,49.786
649bbd3f53a4ec2274bbe0c5,Black,31.1,JP,7-Mar-23,B09JG59MGK,120mm,Dracaena Store,55.993,111.986,2,49.786
649bbd3f53a4ec2274bbe0c7,Black,31.1,JP,9-Mar-23,B09JG59MGK,120mm,Dracaena Store,55.993,55.993,1,24.893
649bbd3f53a4ec2274bbe0ca,Black,31.1,JP,12-Mar-23,B09JG59MGK,120mm,Dracaena Store,55.993,111.986,2,49.786
649bbd3f53a4ec2274bbe0d8,Black,31.1,JP,26-Mar-23,B09JG59MGK,120mm,Dracaena Store,55.993,111.986,2,49.786
649bbd3f53a4ec2274bbe0da,Black,31.1,JP,28-Mar-23,B09JG59MGK,120mm,Dracaena Store,55.993,55.993,1,24.893
649bbd3f53a4ec2274bbe0db,Black,31.1,JP,29-Mar-23,B09JG59MGK,120mm,Dracaena Store,55.993,55.993,1,24.893
649bc5b6c7011f3740977816,Black,31.1,CA,29-Apr-23,B09JG59MGK,120mm,Ingenious Store,60.7392,60.7392,1,29.6392
649bc6bdc7011f37409783ec,Black,51,US,29-Apr-23,B09JG5X1PY,360mm,Ingenious Store,89.99,89.99,1,38.99
649bc6bdc7011f37409783ed,Black,51,US,30-Apr-23,B09JG5X1PY,360mm,Ingenious Store,89.99,359.96,4,155.96
649bc6bdc7011f37409783ee,Black,51,US,1-May-23,B09JG5X1PY,360mm,Ingenious Store,45,89.99,2,-12
649bc6bdc7011f37409783ef,Black,51,US,2-May-23,B09JG5X1PY,360mm,Ingenious Store,89.99,179.98,2,77.98
649bc6bdc7011f37409783f4,Black,51,US,7-May-23,B09JG5X1PY,360mm,Ingenious Store,89.99,179.98,2,77.98
649bc6bdc7011f37409783f5,Black,51,US,8-May-23,B09JG5X1PY,360mm,Ingenious Store,89.99,89.99,1,38.99
649bc6bdc7011f37409783f8,Black,51,US,11-May-23,B09JG5X1PY,360mm,Ingenious Store,89.99,89.99,1,38.99
649bc6bdc7011f37409783fb,Black,51,US,14-May-23,B09JG5X1PY,360mm,Ingenious Store,89.99,89.99,1,38.99
649bc6bdc7011f37409783ff,Black,51,US,18-May-23,B09JG5X1PY,360mm,Ingenious Store,89.99,89.99,1,38.99
649bc6bdc7011f3740978400,Black,51,US,19-May-23,B09JG5X1PY,360mm,Ingenious Store,89.99,89.99,1,38.99
649bc6c9c7011f374097848a,Black,31.1,US,7-May-23,B09JG59MGK,120mm,Ingenious Store,59.99,299.95,5,144.45
649bc6c9c7011f374097848b,Black,31.1,US,8-May-23,B09JG59MGK,120mm,Ingenious Store,59.99,239.96,4,115.56
649bc6c9c7011f374097848c,Black,31.1,US,9-May-23,B09JG59MGK,120mm,Ingenious Store,59.99,419.93,7,202.23
649bc6c9c7011f374097848d,Black,31.1,US,10-May-23,B09JG59MGK,120mm,Ingenious Store,59.99,599.9,10,288.9
649bc6c9c7011f374097848e,Black,31.1,US,11-May-23,B09JG59MGK,120mm,Ingenious Store,59.99,1679.72,28,808.92
649bc6c9c7011f374097848f,Black,31.1,US,12-May-23,B09JG59MGK,120mm,Ingenious Store,59.99,719.88,12,346.68
649bc6c9c7011f374097849a,Black,31.1,US,23-May-23,B09JG59MGK,120mm,Ingenious Store,59.99,539.91,9,260.01
649bc6c9c7011f374097849b,Black,31.1,US,24-May-23,B09JG59MGK,120mm,Ingenious Store,59.99,419.93,7,202.23
649bc6c9c7011f374097849c,Black,31.1,US,25-May-23,B09JG59MGK,120mm,Ingenious Store,59.99,479.92,8,231.12
649bc6c9c7011f374097849d,Black,31.1,US,26-May-23,B09JG59MGK,120mm,Ingenious Store,59.99,779.87,13,375.57
649bc6c9c7011f374097849e,Black,31.1,US,27-May-23,B09JG59MGK,120mm,Ingenious Store,59.99,839.86,14,404.46
649bc6c9c7011f374097849f,Black,31.1,US,28-May-23,B09JG59MGK,120mm,Ingenious Store,59.99,479.92,8,231.12
649bc6c9c7011f3740978483,Black,31.1,US,30-Apr-23,B09JG59MGK,120mm,Ingenious Store,63.99,63.99,1,32.89
649bc6c9c7011f3740978484,Black,31.1,US,1-May-23,B09JG59MGK,120mm,Ingenious Store,62.39,311.95,5,156.45
649bc6c9c7011f3740978485,Black,31.1,US,2-May-23,B09JG59MGK,120mm,Ingenious Store,59.99,179.97,3,86.67
649bc6c9c7011f3740978486,Black,31.1,US,3-May-23,B09JG59MGK,120mm,Ingenious Store,59.99,1019.83,17,491.13
649bc6c9c7011f3740978487,Black,31.1,US,4-May-23,B09JG59MGK,120mm,Ingenious Store,59.99,239.96,4,115.56
649bc6c9c7011f3740978488,Black,31.1,US,5-May-23,B09JG59MGK,120mm,Ingenious Store,59.99,719.88,12,346.68
649bc6c9c7011f3740978489,Black,31.1,US,6-May-23,B09JG59MGK,120mm,Ingenious Store,59.99,659.89,11,317.79
649bc6c9c7011f3740978490,Black,31.1,US,13-May-23,B09JG59MGK,120mm,Ingenious Store,59.99,299.95,5,144.45
649bc6c9c7011f3740978491,Black,31.1,US,14-May-23,B09JG59MGK,120mm,Ingenious Store,59.99,959.84,16,462.24
649bc6c9c7011f3740978492,Black,31.1,US,15-May-23,B09JG59MGK,120mm,Ingenious Store,59.99,599.9,10,288.9
649bc6c9c7011f3740978493,Black,31.1,US,16-May-23,B09JG59MGK,120mm,Ingenious Store,59.99,299.95,5,144.45
649bc6c9c7011f3740978494,Black,31.1,US,17-May-23,B09JG59MGK,120mm,Ingenious Store,55.99,839.86,15,373.35
649bc6c9c7011f3740978495,Black,31.1,US,18-May-23,B09JG59MGK,120mm,Ingenious Store,59.99,539.91,9,260.01
649bc6c9c7011f3740978496,Black,31.1,US,19-May-23,B09JG59MGK,120mm,Ingenious Store,59.99,299.95,5,144.45
649bc6c9c7011f3740978497,Black,31.1,US,20-May-23,B09JG59MGK,120mm,Ingenious Store,59.99,239.96,4,115.56
649bc6c9c7011f3740978498,Black,31.1,US,21-May-23,B09JG59MGK,120mm,Ingenious Store,59.99,479.92,8,231.12
649bc6c9c7011f3740978499,Black,31.1,US,22-May-23,B09JG59MGK,120mm,Ingenious Store,59.99,779.87,13,375.57
649bc6cbc7011f37409784a1,Black,41.1,US,30-Apr-23,B09JG4TTP2,240mmm,Ingenious Store,69.99,139.98,2,57.78
649bc6cbc7011f37409784a2,Black,41.1,US,1-May-23,B09JG4TTP2,240mmm,Ingenious Store,69.99,209.97,3,86.67
649bc6cbc7011f37409784a3,Black,41.1,US,2-May-23,B09JG4TTP2,240mmm,Ingenious Store,74.99,149.98,2,67.78
649bc6cbc7011f37409784a7,Black,41.1,US,6-May-23,B09JG4TTP2,240mmm,Ingenious Store,74.99,149.98,2,67.78
649bc6cbc7011f37409784a8,Black,41.1,US,7-May-23,B09JG4TTP2,240mmm,Ingenious Store,74.99,74.99,1,33.89
649bc6cbc7011f37409784a9,Black,41.1,US,8-May-23,B09JG4TTP2,240mmm,Ingenious Store,74.99,149.98,2,67.78
649bc6cbc7011f37409784ab,Black,41.1,US,10-May-23,B09JG4TTP2,240mmm,Ingenious Store,74.99,74.99,1,33.89
649bc6cbc7011f37409784b0,Black,41.1,US,15-May-23,B09JG4TTP2,240mmm,Ingenious Store,74.99,74.99,1,33.89
649bc6cbc7011f37409784b2,Black,41.1,US,17-May-23,B09JG4TTP2,240mmm,Ingenious Store,74.99,74.99,1,33.89
649bc6cbc7011f37409784b5,Black,41.1,US,20-May-23,B09JG4TTP2,240mmm,Ingenious Store,74.99,74.99,1,33.89
649bc6cbc7011f37409784bc,Black,41.1,US,27-May-23,B09JG4TTP2,240mmm,Ingenious Store,74.99,74.99,1,33.89
649bc6cbc7011f37409784bd,Black,41.1,US,28-May-23,B09JG4TTP2,240mmm,Ingenious Store,74.99,74.99,1,33.89
649bc07e53a4ec2274bc38e1,Black,31.1,DE,1-Jun-23,B09JG59MGK,120mm,Dracaena Store,61.0291,61.0291,1,29.9291
649bc07e53a4ec2274bc38e3,Black,31.1,DE,3-Jun-23,B09JG59MGK,120mm,Dracaena Store,61.0291,61.0291,1,29.9291
649bc07e53a4ec2274bc38e8,Black,31.1,DE,8-Jun-23,B09JG59MGK,120mm,Dracaena Store,61.5414,61.5414,1,30.4414
649bc07e53a4ec2274bc38f0,Black,31.1,DE,16-Jun-23,B09JG59MGK,120mm,Dracaena Store,61.2907,122.5705,2,60.3814
649bc07e53a4ec2274bc38f6,Black,31.1,DE,22-Jun-23,B09JG59MGK,120mm,Dracaena Store,59.4922,59.4922,1,28.3922
649bc07e53a4ec2274bc38fa,Black,31.1,DE,26-Jun-23,B09JG59MGK,120mm,Dracaena Store,61.0291,61.0291,1,29.9291
649bc25ec7011f3740975248,Black,51,CA,10-Jun-23,B09JG5X1PY,360mm,Ingenious Store,87.5444,87.5444,1,36.5444
649bc36fc7011f3740975ea9,Black,51,US,30-May-23,B09JG5X1PY,360mm,Ingenious Store,84.99,84.99,1,33.99
649bc36fc7011f3740975eac,Black,51,US,2-Jun-23,B09JG5X1PY,360mm,Ingenious Store,84.99,84.99,1,33.99
649bc36fc7011f3740975eb8,Black,51,US,14-Jun-23,B09JG5X1PY,360mm,Ingenious Store,84.99,84.99,1,33.99
649bc36fc7011f3740975eba,Black,51,US,16-Jun-23,B09JG5X1PY,360mm,Ingenious Store,84.99,84.99,1,33.99
649bc36fc7011f3740975ec3,Black,51,US,25-Jun-23,B09JG5X1PY,360mm,Ingenious Store,84.99,169.98,2,67.98
649bc37cc7011f3740975f3e,Black,31.1,US,29-May-23,B09JG59MGK,120mm,Ingenious Store,59.99,1079.82,18,520.02
649bc37cc7011f3740975f3f,Black,31.1,US,30-May-23,B09JG59MGK,120mm,Ingenious Store,62.99,377.94,6,191.34
649bc37cc7011f3740975f4a,Black,31.1,US,10-Jun-23,B09JG59MGK,120mm,Ingenious Store,59.99,479.92,8,231.12
649bc37cc7011f3740975f4b,Black,31.1,US,11-Jun-23,B09JG59MGK,120mm,Ingenious Store,59.99,419.93,7,202.23
649bc37cc7011f3740975f4c,Black,31.1,US,12-Jun-23,B09JG59MGK,120mm,Ingenious Store,44.99,179.97,4,55.56
649bc37cc7011f3740975f4d,Black,31.1,US,13-Jun-23,B09JG59MGK,120mm,Ingenious Store,59.99,599.9,10,288.9
649bc37cc7011f3740975f4e,Black,31.1,US,14-Jun-23,B09JG59MGK,120mm,Ingenious Store,59.99,419.93,7,202.23
649bc37cc7011f3740975f4f,Black,31.1,US,15-Jun-23,B09JG59MGK,120mm,Ingenious Store,59.99,179.97,3,86.67
649bc37cc7011f3740975f5a,Black,31.1,US,26-Jun-23,B09JG59MGK,120mm,Ingenious Store,59.99,479.92,8,231.12
649bc37cc7011f3740975f5b,Black,31.1,US,27-Jun-23,B09JG59MGK,120mm,Ingenious Store,59.99,239.96,4,115.56
649bc37cc7011f3740975f40,Black,31.1,US,31-May-23,B09JG59MGK,120mm,Ingenious Store,58.62,468.92,8,220.16
649bc37cc7011f3740975f41,Black,31.1,US,1-Jun-23,B09JG59MGK,120mm,Ingenious Store,57.99,463.92,8,215.12
649bc37cc7011f3740975f42,Black,31.1,US,2-Jun-23,B09JG59MGK,120mm,Ingenious Store,57.99,289.95,5,134.45
649bc37cc7011f3740975f43,Black,31.1,US,3-Jun-23,B09JG59MGK,120mm,Ingenious Store,57.99,521.91,9,242.01
649bc37cc7011f3740975f44,Black,31.1,US,4-Jun-23,B09JG59MGK,120mm,Ingenious Store,58.79,293.95,5,138.45
649bc37cc7011f3740975f45,Black,31.1,US,5-Jun-23,B09JG59MGK,120mm,Ingenious Store,59.99,479.92,8,231.12
649bc37cc7011f3740975f46,Black,31.1,US,6-Jun-23,B09JG59MGK,120mm,Ingenious Store,59.99,179.97,3,86.67
649bc37cc7011f3740975f47,Black,31.1,US,7-Jun-23,B09JG59MGK,120mm,Ingenious Store,59.99,719.88,12,346.68
649bc37cc7011f3740975f48,Black,31.1,US,8-Jun-23,B09JG59MGK,120mm,Ingenious Store,59.99,299.95,5,144.45
649bc37cc7011f3740975f49,Black,31.1,US,9-Jun-23,B09JG59MGK,120mm,Ingenious Store,55.82,334.94,6,148.32
649bc37cc7011f3740975f50,Black,31.1,US,16-Jun-23,B09JG59MGK,120mm,Ingenious Store,59.99,659.89,11,317.79
649bc37cc7011f3740975f51,Black,31.1,US,17-Jun-23,B09JG59MGK,120mm,Ingenious Store,59.99,179.97,3,86.67
649bc37cc7011f3740975f52,Black,31.1,US,18-Jun-23,B09JG59MGK,120mm,Ingenious Store,59.99,179.97,3,86.67
649bc37cc7011f3740975f53,Black,31.1,US,19-Jun-23,B09JG59MGK,120mm,Ingenious Store,59.99,659.89,11,317.79
649bc37cc7011f3740975f54,Black,31.1,US,20-Jun-23,B09JG59MGK,120mm,Ingenious Store,59.99,539.91,9,260.01
649bc37cc7011f3740975f55,Black,31.1,US,21-Jun-23,B09JG59MGK,120mm,Ingenious Store,59.99,719.88,12,346.68
649bc37cc7011f3740975f56,Black,31.1,US,22-Jun-23,B09JG59MGK,120mm,Ingenious Store,59.99,479.92,8,231.12
649bc37cc7011f3740975f57,Black,31.1,US,23-Jun-23,B09JG59MGK,120mm,Ingenious Store,59.99,299.95,5,144.45
649bc37cc7011f3740975f58,Black,31.1,US,24-Jun-23,B09JG59MGK,120mm,Ingenious Store,59.99,539.91,9,260.01
649bc37cc7011f3740975f59,Black,31.1,US,25-Jun-23,B09JG59MGK,120mm,Ingenious Store,59.99,179.97,3,86.67
649bc37fc7011f3740975f5c,Black,41.1,US,29-May-23,B09JG4TTP2,240mmm,Ingenious Store,74.99,149.98,2,67.78
649bc37fc7011f3740975f5d,Black,41.1,US,30-May-23,B09JG4TTP2,240mmm,Ingenious Store,72.99,72.99,1,31.89
649bc37fc7011f3740975f5f,Black,41.1,US,1-Jun-23,B09JG4TTP2,240mmm,Ingenious Store,72.99,72.99,1,31.89
649bc37fc7011f3740975f6a,Black,41.1,US,12-Jun-23,B09JG4TTP2,240mmm,Ingenious Store,72.99,72.99,1,31.89
649bc37fc7011f3740975f6d,Black,41.1,US,15-Jun-23,B09JG4TTP2,240mmm,Ingenious Store,72.99,72.99,1,31.89
649bc37fc7011f3740975f6e,Black,41.1,US,16-Jun-23,B09JG4TTP2,240mmm,Ingenious Store,72.99,72.99,1,31.89
649bc37fc7011f3740975f6f,Black,41.1,US,17-Jun-23,B09JG4TTP2,240mmm,Ingenious Store,72.99,72.99,1,31.89
649bc37fc7011f3740975f64,Black,41.1,US,6-Jun-23,B09JG4TTP2,240mmm,Ingenious Store,72.99,72.99,1,31.89
649bc37fc7011f3740975f69,Black,41.1,US,11-Jun-23,B09JG4TTP2,240mmm,Ingenious Store,72.99,145.98,2,63.78
649bc37fc7011f3740975f71,Black,41.1,US,19-Jun-23,B09JG4TTP2,240mmm,Ingenious Store,72.99,72.99,1,31.89
649bc37fc7011f3740975f73,Black,41.1,US,21-Jun-23,B09JG4TTP2,240mmm,Ingenious Store,72.99,72.99,1,31.89
649bc37fc7011f3740975f75,Black,41.1,US,23-Jun-23,B09JG4TTP2,240mmm,Ingenious Store,72.99,72.99,1,31.89
649bc47bc7011f3740976abd,White,41.1,US,1-Jun-23,B0C23LD7K1,240mm,Ingenious Store,72.99,72.99,1,31.89
649bc47bc7011f3740976ac1,White,41.1,US,5-Jun-23,B0C23LD7K1,240mm,Ingenious Store,72.99,72.99,1,31.89
649bc47bc7011f3740976ac8,White,41.1,US,12-Jun-23,B0C23LD7K1,240mm,Ingenious Store,72.99,72.99,1,31.89
649bc47bc7011f3740976acc,White,41.1,US,16-Jun-23,B0C23LD7K1,240mm,Ingenious Store,72.99,72.99,1,31.89
649bc47bc7011f3740976ad3,White,41.1,US,23-Jun-23,B0C23LD7K1,240mm,Ingenious Store,72.99,72.99,1,31.89
649bc904c7011f3740979d5a,Black,31.1,CA,30-Mar-23,B09JG59MGK,120mm,Ingenious Store,60.7392,60.7392,1,29.6392
649bc904c7011f3740979d5e,Black,31.1,CA,3-Apr-23,B09JG59MGK,120mm,Ingenious Store,60.7392,60.7392,1,29.6392
649bc904c7011f3740979d60,Black,31.1,CA,5-Apr-23,B09JG59MGK,120mm,Ingenious Store,60.7392,60.7392,1,29.6392
649bc45153a4ec2274bc8e4a,Black,31.1,JP,26-Feb-23,B09JG59MGK,120mm,Dracaena Store,55.993,55.993,1,24.893
649bc45153a4ec2274bc8e4b,Black,31.1,JP,27-Feb-23,B09JG59MGK,120mm,Dracaena Store,55.993,55.993,1,24.893
649bc45153a4ec2274bc8e31,Black,31.1,JP,1-Feb-23,B09JG59MGK,120mm,Dracaena Store,55.993,167.979,3,74.679
649bc45153a4ec2274bc8e35,Black,31.1,JP,5-Feb-23,B09JG59MGK,120mm,Dracaena Store,55.993,55.993,1,24.893
649bc45153a4ec2274bc8e41,Black,31.1,JP,17-Feb-23,B09JG59MGK,120mm,Dracaena Store,55.993,55.993,1,24.893
649bc45153a4ec2274bc8e42,Black,31.1,JP,18-Feb-23,B09JG59MGK,120mm,Dracaena Store,55.993,55.993,1,24.893
649bc45153a4ec2274bc8e44,Black,31.1,JP,20-Feb-23,B09JG59MGK,120mm,Dracaena Store,55.993,55.993,1,24.893
649bc46153a4ec2274bc8f75,Black,41.1,JP,25-Feb-23,B09JG4TTP2,240mmm,Dracaena Store,84.693,84.693,1,43.593
649bca04c7011f374097a93b,Black,51,US,10-Apr-23,B09JG5X1PY,360mm,Ingenious Store,89.99,89.99,1,38.99
649bca04c7011f374097a93c,Black,51,US,11-Apr-23,B09JG5X1PY,360mm,Ingenious Store,89.99,89.99,1,38.99
649bca04c7011f374097a93d,Black,51,US,12-Apr-23,B09JG5X1PY,360mm,Ingenious Store,89.99,89.99,1,38.99
649bca04c7011f374097a93e,Black,51,US,13-Apr-23,B09JG5X1PY,360mm,Ingenious Store,89.99,179.98,2,77.98
649bca04c7011f374097a94a,Black,51,US,25-Apr-23,B09JG5X1PY,360mm,Ingenious Store,89.99,179.98,2,77.98
649bca04c7011f374097a94c,Black,51,US,27-Apr-23,B09JG5X1PY,360mm,Ingenious Store,89.99,179.98,2,77.98
649bca04c7011f374097a94d,Black,51,US,28-Apr-23,B09JG5X1PY,360mm,Ingenious Store,89.99,179.98,2,77.98
649bca04c7011f374097a930,Black,51,US,30-Mar-23,B09JG5X1PY,360mm,Ingenious Store,89.99,89.99,1,38.99
649bca04c7011f374097a931,Black,51,US,31-Mar-23,B09JG5X1PY,360mm,Ingenious Store,89.99,89.99,1,38.99
649bca04c7011f374097a932,Black,51,US,1-Apr-23,B09JG5X1PY,360mm,Ingenious Store,89.99,89.99,1,38.99
649bca04c7011f374097a933,Black,51,US,2-Apr-23,B09JG5X1PY,360mm,Ingenious Store,89.99,89.99,1,38.99
649bca04c7011f374097a936,Black,51,US,5-Apr-23,B09JG5X1PY,360mm,Ingenious Store,89.99,89.99,1,38.99
649bca04c7011f374097a938,Black,51,US,7-Apr-23,B09JG5X1PY,360mm,Ingenious Store,89.99,89.99,1,38.99
649bca04c7011f374097a939,Black,51,US,8-Apr-23,B09JG5X1PY,360mm,Ingenious Store,89.99,89.99,1,38.99
649bca04c7011f374097a940,Black,51,US,15-Apr-23,B09JG5X1PY,360mm,Ingenious Store,89.99,269.97,3,116.97
649bca04c7011f374097a942,Black,51,US,17-Apr-23,B09JG5X1PY,360mm,Ingenious Store,89.99,179.98,2,77.98
649bca04c7011f374097a943,Black,51,US,18-Apr-23,B09JG5X1PY,360mm,Ingenious Store,89.99,89.99,1,38.99
649bca04c7011f374097a944,Black,51,US,19-Apr-23,B09JG5X1PY,360mm,Ingenious Store,89.99,89.99,1,38.99
649bca04c7011f374097a945,Black,51,US,20-Apr-23,B09JG5X1PY,360mm,Ingenious Store,89.99,269.97,3,116.97
649bca04c7011f374097a946,Black,51,US,21-Apr-23,B09JG5X1PY,360mm,Ingenious Store,89.99,89.99,1,38.99
649bca04c7011f374097a947,Black,51,US,22-Apr-23,B09JG5X1PY,360mm,Ingenious Store,89.99,179.98,2,77.98
649bca04c7011f374097a948,Black,51,US,23-Apr-23,B09JG5X1PY,360mm,Ingenious Store,89.99,89.99,1,38.99
649bca11c7011f374097a9c6,Black,31.1,US,30-Mar-23,B09JG59MGK,120mm,Ingenious Store,55.99,279.95,5,124.45
649bca11c7011f374097a9c7,Black,31.1,US,31-Mar-23,B09JG59MGK,120mm,Ingenious Store,55.99,615.89,11,273.79
649bca11c7011f374097a9c8,Black,31.1,US,1-Apr-23,B09JG59MGK,120mm,Ingenious Store,55.99,447.92,8,199.12
649bca11c7011f374097a9c9,Black,31.1,US,2-Apr-23,B09JG59MGK,120mm,Ingenious Store,55.99,503.91,9,224.01
649bca11c7011f374097a9ca,Black,31.1,US,3-Apr-23,B09JG59MGK,120mm,Ingenious Store,55.99,1287.77,23,572.47
649bca11c7011f374097a9cb,Black,31.1,US,4-Apr-23,B09JG59MGK,120mm,Ingenious Store,55.99,223.96,4,99.56
649bca11c7011f374097a9cc,Black,31.1,US,5-Apr-23,B09JG59MGK,120mm,Ingenious Store,55.99,1007.82,18,448.02
649bca11c7011f374097a9cd,Black,31.1,US,6-Apr-23,B09JG59MGK,120mm,Ingenious Store,55.99,1623.71,29,721.81
649bca11c7011f374097a9ce,Black,31.1,US,7-Apr-23,B09JG59MGK,120mm,Ingenious Store,55.99,447.92,8,199.12
649bca11c7011f374097a9cf,Black,31.1,US,8-Apr-23,B09JG59MGK,120mm,Ingenious Store,50.9,559.9,11,217.8
649bca11c7011f374097a9d0,Black,31.1,US,9-Apr-23,B09JG59MGK,120mm,Ingenious Store,55.99,839.85,15,373.35
649bca11c7011f374097a9d1,Black,31.1,US,10-Apr-23,B09JG59MGK,120mm,Ingenious Store,55.99,1231.78,22,547.58
649bca11c7011f374097a9d2,Black,31.1,US,11-Apr-23,B09JG59MGK,120mm,Ingenious Store,55.99,671.88,12,298.68
649bca11c7011f374097a9d3,Black,31.1,US,12-Apr-23,B09JG59MGK,120mm,Ingenious Store,55.99,671.88,12,298.68
649bca11c7011f374097a9d4,Black,31.1,US,13-Apr-23,B09JG59MGK,120mm,Ingenious Store,56.99,683.88,12,310.68
649bca11c7011f374097a9d5,Black,31.1,US,14-Apr-23,B09JG59MGK,120mm,Ingenious Store,56.99,1538.73,27,699.03
649bca11c7011f374097a9d6,Black,31.1,US,15-Apr-23,B09JG59MGK,120mm,Ingenious Store,56.99,227.96,4,103.56
649bca11c7011f374097a9d7,Black,31.1,US,16-Apr-23,B09JG59MGK,120mm,Ingenious Store,56.99,227.96,4,103.56
649bca11c7011f374097a9d8,Black,31.1,US,17-Apr-23,B09JG59MGK,120mm,Ingenious Store,56.99,569.9,10,258.9
649bca11c7011f374097a9d9,Black,31.1,US,18-Apr-23,B09JG59MGK,120mm,Ingenious Store,56.99,170.97,3,77.67
649bca11c7011f374097a9da,Black,31.1,US,19-Apr-23,B09JG59MGK,120mm,Ingenious Store,48.85,341.94,7,124.25
649bca11c7011f374097a9db,Black,31.1,US,20-Apr-23,B09JG59MGK,120mm,Ingenious Store,56.99,740.87,13,336.57
649bca11c7011f374097a9dc,Black,31.1,US,21-Apr-23,B09JG59MGK,120mm,Ingenious Store,56.99,227.96,4,103.56
649bca11c7011f374097a9dd,Black,31.1,US,22-Apr-23,B09JG59MGK,120mm,Ingenious Store,56.99,227.96,4,103.56
649bca11c7011f374097a9de,Black,31.1,US,23-Apr-23,B09JG59MGK,120mm,Ingenious Store,56.99,113.98,2,51.78
649bca11c7011f374097a9df,Black,31.1,US,24-Apr-23,B09JG59MGK,120mm,Ingenious Store,56.99,113.98,2,51.78
649bca11c7011f374097a9e0,Black,31.1,US,25-Apr-23,B09JG59MGK,120mm,Ingenious Store,56.99,683.88,12,310.68
649bca14c7011f374097a9e5,Black,41.1,US,31-Mar-23,B09JG4TTP2,240mmm,Ingenious Store,79.99,79.99,1,38.89
649bca14c7011f374097a9ea,Black,41.1,US,5-Apr-23,B09JG4TTP2,240mmm,Ingenious Store,79.99,239.97,3,116.67
649bca14c7011f374097a9fa,Black,41.1,US,21-Apr-23,B09JG4TTP2,240mmm,Ingenious Store,69.99,69.99,1,28.89
649bca14c7011f374097a9fb,Black,41.1,US,22-Apr-23,B09JG4TTP2,240mmm,Ingenious Store,69.99,209.97,3,86.67
649bca14c7011f374097a9fd,Black,41.1,US,24-Apr-23,B09JG4TTP2,240mmm,Ingenious Store,69.99,69.99,1,28.89
649bca14c7011f374097a9ff,Black,41.1,US,26-Apr-23,B09JG4TTP2,240mmm,Ingenious Store,69.99,69.99,1,28.89
649bca14c7011f374097aa00,Black,41.1,US,27-Apr-23,B09JG4TTP2,240mmm,Ingenious Store,69.99,209.97,3,86.67
649bca14c7011f374097aa01,Black,41.1,US,28-Apr-23,B09JG4TTP2,240mmm,Ingenious Store,69.99,139.98,2,57.78
649bcb3f53a4ec2274bd1c7c,Black,31.1,AU,8-Jun-23,B09JG59MGK,120mm,Dracaena Store,62.98,62.98,1,31.88
649bcb3f53a4ec2274bd1c78,Black,31.1,AU,4-Jun-23,B09JG59MGK,120mm,Dracaena Store,62.98,62.98,1,31.88
649bcd37c7011f374097ce7a,Black,51,US,6-Mar-23,B09JG5X1PY,360mm,Ingenious Store,89.99,89.99,1,38.99
649bcd37c7011f374097ce8d,Black,51,US,25-Mar-23,B09JG5X1PY,360mm,Ingenious Store,89.99,89.99,1,38.99
649bcd37c7011f374097ce8e,Black,51,US,26-Mar-23,B09JG5X1PY,360mm,Ingenious Store,89.99,89.99,1,38.99
649bcd37c7011f374097ce8f,Black,51,US,27-Mar-23,B09JG5X1PY,360mm,Ingenious Store,89.99,179.98,2,77.98
649bcd37c7011f374097ce74,Black,51,US,28-Feb-23,B09JG5X1PY,360mm,Ingenious Store,89.99,179.98,2,77.98
649bcd37c7011f374097ce76,Black,51,US,2-Mar-23,B09JG5X1PY,360mm,Ingenious Store,89.99,179.98,2,77.98
649bcd37c7011f374097ce77,Black,51,US,3-Mar-23,B09JG5X1PY,360mm,Ingenious Store,89.99,89.99,1,38.99
649bcd37c7011f374097ce87,Black,51,US,19-Mar-23,B09JG5X1PY,360mm,Ingenious Store,89.99,89.99,1,38.99
649bcd37c7011f374097ce90,Black,51,US,28-Mar-23,B09JG5X1PY,360mm,Ingenious Store,89.99,89.99,1,38.99
649bcd43c7011f374097cf0a,Black,31.1,US,28-Feb-23,B09JG59MGK,120mm,Ingenious Store,54.99,604.89,11,262.79
649bcd43c7011f374097cf0b,Black,31.1,US,1-Mar-23,B09JG59MGK,120mm,Ingenious Store,51.32,769.86,15,303.3
649bcd43c7011f374097cf0c,Black,31.1,US,2-Mar-23,B09JG59MGK,120mm,Ingenious Store,54.99,604.89,11,262.79
649bcd43c7011f374097cf0d,Black,31.1,US,3-Mar-23,B09JG59MGK,120mm,Ingenious Store,54.99,879.84,16,382.24
649bcd43c7011f374097cf0e,Black,31.1,US,4-Mar-23,B09JG59MGK,120mm,Ingenious Store,49.49,494.91,10,183.9
649bcd43c7011f374097cf0f,Black,31.1,US,5-Mar-23,B09JG59MGK,120mm,Ingenious Store,54.99,494.91,9,215.01
649bcd43c7011f374097cf1a,Black,31.1,US,16-Mar-23,B09JG59MGK,120mm,Ingenious Store,55.99,391.93,7,174.23
649bcd43c7011f374097cf1b,Black,31.1,US,17-Mar-23,B09JG59MGK,120mm,Ingenious Store,55.99,391.93,7,174.23
649bcd43c7011f374097cf1c,Black,31.1,US,18-Mar-23,B09JG59MGK,120mm,Ingenious Store,55.99,167.97,3,74.67
649bcd43c7011f374097cf1d,Black,31.1,US,19-Mar-23,B09JG59MGK,120mm,Ingenious Store,55.99,447.92,8,199.12
649bcd43c7011f374097cf1e,Black,31.1,US,20-Mar-23,B09JG59MGK,120mm,Ingenious Store,55.99,447.92,8,199.12
649bcd43c7011f374097cf1f,Black,31.1,US,21-Mar-23,B09JG59MGK,120mm,Ingenious Store,55.99,559.9,10,248.9
649bcd43c7011f374097cf10,Black,31.1,US,6-Mar-23,B09JG59MGK,120mm,Ingenious Store,54.99,604.89,11,262.79
649bcd43c7011f374097cf11,Black,31.1,US,7-Mar-23,B09JG59MGK,120mm,Ingenious Store,54.99,549.9,10,238.9
649bcd43c7011f374097cf12,Black,31.1,US,8-Mar-23,B09JG59MGK,120mm,Ingenious Store,48.12,384.93,8,136.16
649bcd43c7011f374097cf13,Black,31.1,US,9-Mar-23,B09JG59MGK,120mm,Ingenious Store,54.99,494.91,9,215.01
649bcd43c7011f374097cf14,Black,31.1,US,10-Mar-23,B09JG59MGK,120mm,Ingenious Store,55.08,1211.78,22,527.56
649bcd43c7011f374097cf15,Black,31.1,US,11-Mar-23,B09JG59MGK,120mm,Ingenious Store,56.99,170.97,3,77.67
649bcd43c7011f374097cf16,Black,31.1,US,12-Mar-23,B09JG59MGK,120mm,Ingenious Store,56.99,284.95,5,129.45
649bcd43c7011f374097cf17,Black,31.1,US,13-Mar-23,B09JG59MGK,120mm,Ingenious Store,56.66,169.97,3,76.68
649bcd43c7011f374097cf18,Black,31.1,US,14-Mar-23,B09JG59MGK,120mm,Ingenious Store,55.99,335.94,6,149.34
649bcd43c7011f374097cf19,Black,31.1,US,15-Mar-23,B09JG59MGK,120mm,Ingenious Store,55.99,279.95,5,124.45
649bcd43c7011f374097cf20,Black,31.1,US,22-Mar-23,B09JG59MGK,120mm,Ingenious Store,48.99,391.93,8,143.12
649bcd43c7011f374097cf21,Black,31.1,US,23-Mar-23,B09JG59MGK,120mm,Ingenious Store,55.99,503.91,9,224.01
649bcd43c7011f374097cf22,Black,31.1,US,24-Mar-23,B09JG59MGK,120mm,Ingenious Store,55.99,279.95,5,124.45
649bcd43c7011f374097cf23,Black,31.1,US,25-Mar-23,B09JG59MGK,120mm,Ingenious Store,55.99,167.97,3,74.67
649bcd43c7011f374097cf24,Black,31.1,US,26-Mar-23,B09JG59MGK,120mm,Ingenious Store,55.99,279.95,5,124.45
649bcd43c7011f374097cf25,Black,31.1,US,27-Mar-23,B09JG59MGK,120mm,Ingenious Store,55.99,223.96,4,99.56
649bcd43c7011f374097cf26,Black,31.1,US,28-Mar-23,B09JG59MGK,120mm,Ingenious Store,55.99,223.96,4,99.56
649bcd43c7011f374097cf27,Black,31.1,US,29-Mar-23,B09JG59MGK,120mm,Ingenious Store,55.99,727.87,13,323.57
649bcd46c7011f374097cf2a,Black,41.1,US,2-Mar-23,B09JG4TTP2,240mmm,Ingenious Store,79.99,239.97,3,116.67
649bcd46c7011f374097cf2b,Black,41.1,US,3-Mar-23,B09JG4TTP2,240mmm,Ingenious Store,79.99,159.98,2,77.78
649bcd46c7011f374097cf2c,Black,41.1,US,4-Mar-23,B09JG4TTP2,240mmm,Ingenious Store,79.99,79.99,1,38.89
649bcd46c7011f374097cf2d,Black,41.1,US,5-Mar-23,B09JG4TTP2,240mmm,Ingenious Store,79.99,319.96,4,155.56
649bcd46c7011f374097cf2e,Black,41.1,US,6-Mar-23,B09JG4TTP2,240mmm,Ingenious Store,79.99,79.99,1,38.89
649bcd46c7011f374097cf2f,Black,41.1,US,7-Mar-23,B09JG4TTP2,240mmm,Ingenious Store,79.99,159.98,2,77.78
649bcd46c7011f374097cf28,Black,41.1,US,28-Feb-23,B09JG4TTP2,240mmm,Ingenious Store,79.99,239.97,3,116.67
649bcd46c7011f374097cf29,Black,41.1,US,1-Mar-23,B09JG4TTP2,240mmm,Ingenious Store,79.99,239.97,3,116.67
649bcd46c7011f374097cf30,Black,41.1,US,8-Mar-23,B09JG4TTP2,240mmm,Ingenious Store,79.99,159.98,2,77.78
649bcd46c7011f374097cf32,Black,41.1,US,10-Mar-23,B09JG4TTP2,240mmm,Ingenious Store,79.99,399.95,5,194.45
649bcd46c7011f374097cf33,Black,41.1,US,11-Mar-23,B09JG4TTP2,240mmm,Ingenious Store,79.99,239.97,3,116.67
649bcd46c7011f374097cf35,Black,41.1,US,13-Mar-23,B09JG4TTP2,240mmm,Ingenious Store,79.99,159.98,2,77.78
649bd3a3c7011f374098190f,Black,51,US,18-Jan-23,B09JG5X1PY,360mm,Ingenious Store,85.99,85.99,1,34.99
649bd3a3c7011f3740981904,Black,51,US,7-Jan-23,B09JG5X1PY,360mm,Ingenious Store,85.99,85.99,1,34.99
649bd3a3c7011f3740981905,Black,51,US,8-Jan-23,B09JG5X1PY,360mm,Ingenious Store,85.99,171.98,2,69.98
649bd3a3c7011f3740981909,Black,51,US,12-Jan-23,B09JG5X1PY,360mm,Ingenious Store,85.99,85.99,1,34.99
649bd3b1c7011f37409819a0,Black,31.1,US,13-Jan-23,B09JG59MGK,120mm,Ingenious Store,54.99,604.89,11,262.79
649bd3b1c7011f37409819a1,Black,31.1,US,14-Jan-23,B09JG59MGK,120mm,Ingenious Store,54.99,549.9,10,238.9
649bd3b1c7011f37409819a2,Black,31.1,US,15-Jan-23,B09JG59MGK,120mm,Ingenious Store,54.99,219.96,4,95.56
649bd3b1c7011f37409819a3,Black,31.1,US,16-Jan-23,B09JG59MGK,120mm,Ingenious Store,54.99,714.87,13,310.57
649bd3b1c7011f37409819a4,Black,31.1,US,17-Jan-23,B09JG59MGK,120mm,Ingenious Store,54.99,439.92,8,191.12
649bd3b1c7011f37409819a5,Black,31.1,US,18-Jan-23,B09JG59MGK,120mm,Ingenious Store,54.99,329.94,6,143.34
649bd3b1c7011f37409819a6,Black,31.1,US,19-Jan-23,B09JG59MGK,120mm,Ingenious Store,54.99,439.92,8,191.12
649bd3b1c7011f37409819a7,Black,31.1,US,20-Jan-23,B09JG59MGK,120mm,Ingenious Store,56.42,394.93,7,177.24
649bd3b1c7011f37409819a8,Black,31.1,US,21-Jan-23,B09JG59MGK,120mm,Ingenious Store,55.99,55.99,1,24.89
649bd3b1c7011f37409819a9,Black,31.1,US,22-Jan-23,B09JG59MGK,120mm,Ingenious Store,55.99,391.93,7,174.23
649bd3b1c7011f37409819ab,Black,31.1,US,24-Jan-23,B09JG59MGK,120mm,Ingenious Store,55.99,167.97,3,74.67
649bd3b1c7011f37409819ac,Black,31.1,US,25-Jan-23,B09JG59MGK,120mm,Ingenious Store,55.99,615.89,11,273.79
649bd3b1c7011f37409819ad,Black,31.1,US,26-Jan-23,B09JG59MGK,120mm,Ingenious Store,55.99,447.92,8,199.12
649bd3b1c7011f37409819ae,Black,31.1,US,27-Jan-23,B09JG59MGK,120mm,Ingenious Store,58.99,176.97,3,83.67
649bd3b1c7011f374098199a,Black,31.1,US,7-Jan-23,B09JG59MGK,120mm,Ingenious Store,56.99,398.93,7,181.23
649bd3b1c7011f374098199b,Black,31.1,US,8-Jan-23,B09JG59MGK,120mm,Ingenious Store,56.99,341.94,6,155.34
649bd3b1c7011f374098199c,Black,31.1,US,9-Jan-23,B09JG59MGK,120mm,Ingenious Store,56.99,284.95,5,129.45
649bd3b1c7011f374098199d,Black,31.1,US,10-Jan-23,B09JG59MGK,120mm,Ingenious Store,58.99,58.99,1,27.89
649bd3b1c7011f374098199e,Black,31.1,US,11-Jan-23,B09JG59MGK,120mm,Ingenious Store,39.33,117.98,3,24.69
649bd3b1c7011f374098199f,Black,31.1,US,12-Jan-23,B09JG59MGK,120mm,Ingenious Store,54.99,329.94,6,143.34
649bd3b1c7011f3740981992,Black,31.1,US,30-Dec-22,B09JG59MGK,120mm,Ingenious Store,56.99,398.93,7,181.23
649bd3b1c7011f3740981993,Black,31.1,US,31-Dec-22,B09JG59MGK,120mm,Ingenious Store,56.99,284.95,5,129.45
649bd3b1c7011f3740981994,Black,31.1,US,1-Jan-23,B09JG59MGK,120mm,Ingenious Store,56.99,284.95,5,129.45
649bd3b1c7011f3740981995,Black,31.1,US,2-Jan-23,B09JG59MGK,120mm,Ingenious Store,56.99,626.89,11,284.79
649bd3b1c7011f3740981996,Black,31.1,US,3-Jan-23,B09JG59MGK,120mm,Ingenious Store,56.99,569.9,10,258.9
649bd3b1c7011f3740981997,Black,31.1,US,4-Jan-23,B09JG59MGK,120mm,Ingenious Store,56.99,284.95,5,129.45
649bd3b1c7011f3740981998,Black,31.1,US,5-Jan-23,B09JG59MGK,120mm,Ingenious Store,56.99,683.88,12,310.68
649bd3b1c7011f3740981999,Black,31.1,US,6-Jan-23,B09JG59MGK,120mm,Ingenious Store,56.99,398.93,7,181.23
649bd3b3c7011f37409819b1,Black,41.1,US,31-Dec-22,B09JG4TTP2,240mmm,Ingenious Store,75.99,303.96,4,139.56
649bd3b3c7011f37409819b2,Black,41.1,US,1-Jan-23,B09JG4TTP2,240mmm,Ingenious Store,75.99,75.99,1,34.89
649bd3b3c7011f37409819b3,Black,41.1,US,2-Jan-23,B09JG4TTP2,240mmm,Ingenious Store,75.99,227.97,3,104.67
649bd3b3c7011f37409819b6,Black,41.1,US,5-Jan-23,B09JG4TTP2,240mmm,Ingenious Store,75.99,75.99,1,34.89
649bd3b3c7011f37409819b7,Black,41.1,US,6-Jan-23,B09JG4TTP2,240mmm,Ingenious Store,75.99,227.97,3,104.67
649bd3b3c7011f37409819b8,Black,41.1,US,7-Jan-23,B09JG4TTP2,240mmm,Ingenious Store,75.99,75.99,1,34.89
649bd3b3c7011f37409819b9,Black,41.1,US,8-Jan-23,B09JG4TTP2,240mmm,Ingenious Store,75.99,75.99,1,34.89
649bd3b3c7011f37409819bc,Black,41.1,US,11-Jan-23,B09JG4TTP2,240mmm,Ingenious Store,75.99,75.99,1,34.89
649bd3b3c7011f37409819bd,Black,41.1,US,12-Jan-23,B09JG4TTP2,240mmm,Ingenious Store,75.99,75.99,1,34.89
649bd3b3c7011f37409819bf,Black,41.1,US,14-Jan-23,B09JG4TTP2,240mmm,Ingenious Store,75.99,75.99,1,34.89
649bd3b3c7011f37409819c1,Black,41.1,US,16-Jan-23,B09JG4TTP2,240mmm,Ingenious Store,75.99,75.99,1,34.89
649bd3b3c7011f37409819c2,Black,41.1,US,17-Jan-23,B09JG4TTP2,240mmm,Ingenious Store,75.99,151.98,2,69.78
649bd3b3c7011f37409819c3,Black,41.1,US,18-Jan-23,B09JG4TTP2,240mmm,Ingenious Store,75.99,379.95,5,174.45
649bd3b3c7011f37409819c6,Black,41.1,US,21-Jan-23,B09JG4TTP2,240mmm,Ingenious Store,75.99,75.99,1,34.89
649bd3b3c7011f37409819cd,Black,41.1,US,28-Jan-23,B09JG4TTP2,240mmm,Ingenious Store,75.99,151.98,2,69.78
649bd063c7011f374097f3ba,Black,51,US,31-Jan-23,B09JG5X1PY,360mm,Ingenious Store,85.99,85.99,1,34.99
649bd063c7011f374097f3bb,Black,51,US,1-Feb-23,B09JG5X1PY,360mm,Ingenious Store,85.99,171.98,2,69.98
649bd063c7011f374097f3bd,Black,51,US,3-Feb-23,B09JG5X1PY,360mm,Ingenious Store,82.99,82.99,1,31.99
649bd063c7011f374097f3be,Black,51,US,4-Feb-23,B09JG5X1PY,360mm,Ingenious Store,82.99,82.99,1,31.99
649bd063c7011f374097f3c0,Black,51,US,6-Feb-23,B09JG5X1PY,360mm,Ingenious Store,82.99,82.99,1,31.99
649bd063c7011f374097f3c1,Black,51,US,7-Feb-23,B09JG5X1PY,360mm,Ingenious Store,82.99,82.99,1,31.99
649bd063c7011f374097f3c3,Black,51,US,9-Feb-23,B09JG5X1PY,360mm,Ingenious Store,82.99,82.99,1,31.99
649bd063c7011f374097f3c9,Black,51,US,15-Feb-23,B09JG5X1PY,360mm,Ingenious Store,82.99,165.98,2,63.98
649bd063c7011f374097f3cb,Black,51,US,17-Feb-23,B09JG5X1PY,360mm,Ingenious Store,82.99,82.99,1,31.99
649bd063c7011f374097f3cd,Black,51,US,19-Feb-23,B09JG5X1PY,360mm,Ingenious Store,82.99,248.97,3,95.97
649bd063c7011f374097f3cf,Black,51,US,21-Feb-23,B09JG5X1PY,360mm,Ingenious Store,89.99,89.99,1,38.99
649bd063c7011f374097f3d0,Black,51,US,22-Feb-23,B09JG5X1PY,360mm,Ingenious Store,89.99,269.97,3,116.97
649bd063c7011f374097f3d1,Black,51,US,23-Feb-23,B09JG5X1PY,360mm,Ingenious Store,89.99,89.99,1,38.99
649bd063c7011f374097f3d3,Black,51,US,25-Feb-23,B09JG5X1PY,360mm,Ingenious Store,89.99,89.99,1,38.99
649bd063c7011f374097f3d5,Black,51,US,27-Feb-23,B09JG5X1PY,360mm,Ingenious Store,89.99,89.99,1,38.99
649bd070c7011f374097f44e,Black,31.1,US,29-Jan-23,B09JG59MGK,120mm,Ingenious Store,55.99,111.98,2,49.78
649bd070c7011f374097f44f,Black,31.1,US,30-Jan-23,B09JG59MGK,120mm,Ingenious Store,55.99,55.99,1,24.89
649bd070c7011f374097f45a,Black,31.1,US,10-Feb-23,B09JG59MGK,120mm,Ingenious Store,52.99,423.92,8,175.12
649bd070c7011f374097f45b,Black,31.1,US,11-Feb-23,B09JG59MGK,120mm,Ingenious Store,52.99,476.91,9,197.01
649bd070c7011f374097f45c,Black,31.1,US,12-Feb-23,B09JG59MGK,120mm,Ingenious Store,44.16,264.95,6,78.36
649bd070c7011f374097f45d,Black,31.1,US,13-Feb-23,B09JG59MGK,120mm,Ingenious Store,50.14,401.12,8,152.32
649bd070c7011f374097f45e,Black,31.1,US,14-Feb-23,B09JG59MGK,120mm,Ingenious Store,50.14,350.98,7,133.28
649bd070c7011f374097f45f,Black,31.1,US,15-Feb-23,B09JG59MGK,120mm,Ingenious Store,50.14,350.98,7,133.28
649bd070c7011f374097f46a,Black,31.1,US,26-Feb-23,B09JG59MGK,120mm,Ingenious Store,54.99,439.92,8,191.12
649bd070c7011f374097f46b,Black,31.1,US,27-Feb-23,B09JG59MGK,120mm,Ingenious Store,54.99,439.92,8,191.12
649bd070c7011f374097f450,Black,31.1,US,31-Jan-23,B09JG59MGK,120mm,Ingenious Store,55.21,496.91,9,216.99
649bd070c7011f374097f451,Black,31.1,US,1-Feb-23,B09JG59MGK,120mm,Ingenious Store,54.99,164.97,3,71.67
649bd070c7011f374097f452,Black,31.1,US,2-Feb-23,B09JG59MGK,120mm,Ingenious Store,54.32,162.97,3,69.66
649bd070c7011f374097f453,Black,31.1,US,3-Feb-23,B09JG59MGK,120mm,Ingenious Store,52.99,158.97,3,65.67
649bd070c7011f374097f454,Black,31.1,US,4-Feb-23,B09JG59MGK,120mm,Ingenious Store,52.99,211.96,4,87.56
649bd070c7011f374097f455,Black,31.1,US,5-Feb-23,B09JG59MGK,120mm,Ingenious Store,52.99,105.98,2,43.78
649bd070c7011f374097f456,Black,31.1,US,6-Feb-23,B09JG59MGK,120mm,Ingenious Store,52.99,847.84,16,350.24
649bd070c7011f374097f457,Black,31.1,US,7-Feb-23,B09JG59MGK,120mm,Ingenious Store,52.99,317.94,6,131.34
649bd070c7011f374097f458,Black,31.1,US,8-Feb-23,B09JG59MGK,120mm,Ingenious Store,52.99,529.9,10,218.9
649bd070c7011f374097f459,Black,31.1,US,9-Feb-23,B09JG59MGK,120mm,Ingenious Store,52.99,847.84,16,350.24
649bd070c7011f374097f460,Black,31.1,US,16-Feb-23,B09JG59MGK,120mm,Ingenious Store,50.14,350.98,7,133.28
649bd070c7011f374097f461,Black,31.1,US,17-Feb-23,B09JG59MGK,120mm,Ingenious Store,50.14,401.12,8,152.32
649bd070c7011f374097f462,Black,31.1,US,18-Feb-23,B09JG59MGK,120mm,Ingenious Store,50.14,651.82,13,247.52
649bd070c7011f374097f463,Black,31.1,US,19-Feb-23,B09JG59MGK,120mm,Ingenious Store,50.14,451.26,9,171.36
649bd070c7011f374097f464,Black,31.1,US,20-Feb-23,B09JG59MGK,120mm,Ingenious Store,54.3,380.08,7,162.4
649bd070c7011f374097f465,Black,31.1,US,21-Feb-23,B09JG59MGK,120mm,Ingenious Store,54.99,329.94,6,143.34
649bd070c7011f374097f466,Black,31.1,US,22-Feb-23,B09JG59MGK,120mm,Ingenious Store,54.99,384.93,7,167.23
649bd070c7011f374097f467,Black,31.1,US,23-Feb-23,B09JG59MGK,120mm,Ingenious Store,54.99,604.89,11,262.79
649bd070c7011f374097f468,Black,31.1,US,24-Feb-23,B09JG59MGK,120mm,Ingenious Store,54.99,604.89,11,262.79
649bd070c7011f374097f469,Black,31.1,US,25-Feb-23,B09JG59MGK,120mm,Ingenious Store,54.99,274.95,5,119.45
649bd073c7011f374097f47d,Black,41.1,US,15-Feb-23,B09JG4TTP2,240mmm,Ingenious Store,75.99,75.99,1,34.89
649bd073c7011f374097f47e,Black,41.1,US,16-Feb-23,B09JG4TTP2,240mmm,Ingenious Store,75.99,227.97,3,104.67
649bd073c7011f374097f47f,Black,41.1,US,17-Feb-23,B09JG4TTP2,240mmm,Ingenious Store,75.99,75.99,1,34.89
649bd073c7011f374097f470,Black,41.1,US,2-Feb-23,B09JG4TTP2,240mmm,Ingenious Store,75.99,75.99,1,34.89
649bd073c7011f374097f474,Black,41.1,US,6-Feb-23,B09JG4TTP2,240mmm,Ingenious Store,75.99,75.99,1,34.89
649bd073c7011f374097f475,Black,41.1,US,7-Feb-23,B09JG4TTP2,240mmm,Ingenious Store,75.99,75.99,1,34.89
649bd073c7011f374097f478,Black,41.1,US,10-Feb-23,B09JG4TTP2,240mmm,Ingenious Store,75.99,303.96,4,139.56
649bd073c7011f374097f479,Black,41.1,US,11-Feb-23,B09JG4TTP2,240mmm,Ingenious Store,75.99,75.99,1,34.89
649bd073c7011f374097f480,Black,41.1,US,18-Feb-23,B09JG4TTP2,240mmm,Ingenious Store,75.99,75.99,1,34.89
649bd073c7011f374097f481,Black,41.1,US,19-Feb-23,B09JG4TTP2,240mmm,Ingenious Store,75.99,151.98,2,69.78
649bd073c7011f374097f484,Black,41.1,US,22-Feb-23,B09JG4TTP2,240mmm,Ingenious Store,75.99,75.99,1,34.89
649bd073c7011f374097f485,Black,41.1,US,23-Feb-23,B09JG4TTP2,240mmm,Ingenious Store,75.99,75.99,1,34.89
649bd073c7011f374097f486,Black,41.1,US,24-Feb-23,B09JG4TTP2,240mmm,Ingenious Store,77.99,155.98,2,73.78
649bd073c7011f374097f487,Black,41.1,US,25-Feb-23,B09JG4TTP2,240mmm,Ingenious Store,79.99,159.98,2,77.78
649bd12553a4ec2274bd8bd0,Black,31.1,AU,9-May-23,B09JG59MGK,120mm,Dracaena Store,63.3083,63.3083,1,32.2083
649bd47953a4ec2274bdd9f7,Black,31.1,CA,6-May-23,B09JG59MGK,120mm,Dracaena Store,58.5124,58.5124,1,27.4124
649bd47953a4ec2274bdda0c,Black,31.1,CA,27-May-23,B09JG59MGK,120mm,Dracaena Store,58.52,58.52,1,27.42
6410ed3d1bb907e3938fa792,Black,41.1,US,15-Oct-22,B09JG4TTP2,240mmm,Dracaena Store,69,69,1,27.9
6410eda71bb907e3938fad32,Black,31.1,US,15-Oct-22,B09JG59MGK,120mm,Dracaena Store,52,260,5,104.5
6411b2f61bb907e3939c0f9c,Black,31.1,GB,21-Oct-22,B09JG59MGK,120mm,Dracaena Store,66.04,66.04,1,34.94
6411b2f61bb907e3939c0f98,Black,31.1,GB,17-Oct-22,B09JG59MGK,120mm,Dracaena Store,66.04,66.04,1,34.94
6411b8f21bb907e3939c5b17,Black,31.1,DE,24-Oct-22,B09JG59MGK,120mm,Dracaena Store,61.0509,61.0509,1,29.9509
6411b8f21bb907e3939c5b18,Black,31.1,DE,25-Oct-22,B09JG59MGK,120mm,Dracaena Store,61.0509,61.0509,1,29.9509
6411b9d61bb907e3939c65fe,Black,41.1,DE,25-Oct-22,B09JG4TTP2,240mmm,Dracaena Store,65.4,65.4,1,24.3
6412a8ce1bb907e393aa8b48,Black,41.1,US,16-Oct-22,B09JG4TTP2,240mmm,Dracaena Store,69,69,1,27.9
6412a9421bb907e393aa90ca,Black,31.1,US,16-Oct-22,B09JG59MGK,120mm,Dracaena Store,52,260,5,104.5
6414c0de1bb907e393bf03ca,Black,41.1,CA,18-Oct-22,B09JG4TTP2,240mmm,Dracaena Store,60.04,180.12,3,56.82
6414d52c1bb907e393bfdd4a,Black,31.1,US,18-Oct-22,B09JG59MGK,120mm,Dracaena Store,52,572,11,229.9
6421c1f48c830bbda399dc81,Black,31.1,US,28-Oct-22,B09JG59MGK,120mm,Dracaena Store,52,364,7,146.3
6421cb998c830bbda39ae04f,Black,51,JP,28-Oct-22,B09JG5X1PY,360mm,Dracaena Store,87.962,175.924,2,73.924
6424fdf98c830bbda3d9f4fb,Black,41.1,US,30-Oct-22,B09JG4TTP2,240mmm,Dracaena Store,69,69,1,27.9
6424fdfe8c830bbda3d9f573,Black,51,US,30-Oct-22,B09JG5X1PY,360mm,Dracaena Store,86,86,1,35
6424fe668c830bbda3da0095,Black,31.1,US,30-Oct-22,B09JG59MGK,120mm,Dracaena Store,52,208,4,83.6
6425fee68c830bbda3ec4967,Black,31.1,US,31-Oct-22,B09JG59MGK,120mm,Dracaena Store,52,208,4,83.6
6432c9c92573fba749dae07e,Black,31.1,US,10-Nov-22,B09JG59MGK,120mm,Dracaena Store,54.99,384.93,7,167.23
6432c9272573fba749dad232,Black,41.1,US,10-Nov-22,B09JG4TTP2,240mmm,Dracaena Store,69,69,1,27.9
6434de63334b3086adf5139c,Black,41.1,US,11-Nov-22,B09JG4TTP2,240mmm,Dracaena Store,69,69,1,27.9
6434deea334b3086adf51f18,Black,31.1,US,11-Nov-22,B09JG59MGK,120mm,Dracaena Store,54.99,439.92,8,191.12
6435da0a334b3086ad02719a,Black,41.1,US,12-Nov-22,B09JG4TTP2,240mmm,Dracaena Store,69,69,1,27.9
6435da0a334b3086ad02719d,Black,41.1,US,15-Nov-22,B09JG4TTP2,240mmm,Dracaena Store,69,69,1,27.9
6435da9a334b3086ad027a4a,Black,31.1,US,16-Nov-22,B09JG59MGK,120mm,Dracaena Store,54.24,216.97,4,92.56
6435da9a334b3086ad027a4b,Black,31.1,US,17-Nov-22,B09JG59MGK,120mm,Dracaena Store,54.99,384.93,7,167.23
6435da9a334b3086ad027a4c,Black,31.1,US,18-Nov-22,B09JG59MGK,120mm,Dracaena Store,54.25,434,8,185.2
6435da9a334b3086ad027a46,Black,31.1,US,12-Nov-22,B09JG59MGK,120mm,Dracaena Store,54.99,219.96,4,95.56
6435da9a334b3086ad027a47,Black,31.1,US,13-Nov-22,B09JG59MGK,120mm,Dracaena Store,54.99,219.96,4,95.56
6435da9a334b3086ad027a48,Black,31.1,US,14-Nov-22,B09JG59MGK,120mm,Dracaena Store,54.66,491.92,9,212.04
6435da9a334b3086ad027a49,Black,31.1,US,15-Nov-22,B09JG59MGK,120mm,Dracaena Store,54.99,109.98,2,47.78
6436a7de334b3086ad0b3a73,Black,31.1,MX,18-Nov-22,B09JG59MGK,120mm,Dracaena Store,51.04,51.04,1,19.94
6436b832334b3086ad0b9075,Black,31.1,CA,16-Nov-22,B09JG59MGK,120mm,Dracaena Store,52.44,52.44,1,21.34
6440a240c0c3edd418f77d7e,Black,31.1,IT,15-Apr-23,B09JG59MGK,120mm,Dracaena Store,62.1191,62.1191,1,31.0191
6440a260c0c3edd418f78034,Black,41.1,IT,19-Apr-23,B09JG4TTP2,240mmm,Dracaena Store,75.1991,75.1991,1,34.0991
6440aac7c0c3edd418f834eb,Black,31.1,BE,23-Mar-23,B09JG59MGK,120mm,Dracaena Store,55.149,55.149,1,24.049
6440ce79c0c3edd418fadcb7,Black,31.1,GB,19-Feb-23,B09JG59MGK,120mm,Dracaena Store,65.3923,65.3923,1,34.2923
6440ce79c0c3edd418fadcb9,Black,31.1,GB,21-Feb-23,B09JG59MGK,120mm,Dracaena Store,65.3923,65.3923,1,34.2923
6440ce79c0c3edd418fadcbd,Black,31.1,GB,25-Feb-23,B09JG59MGK,120mm,Dracaena Store,67.0306,134.0612,2,71.8612
6440ce79c0c3edd418fadcbe,Black,31.1,GB,26-Feb-23,B09JG59MGK,120mm,Dracaena Store,67.0306,67.0306,1,35.9306
6440ce79c0c3edd418fadcc2,Black,31.1,GB,2-Mar-23,B09JG59MGK,120mm,Dracaena Store,58.8518,117.7036,2,55.5036
6440ce79c0c3edd418fadcc3,Black,31.1,GB,3-Mar-23,B09JG59MGK,120mm,Dracaena Store,52.3113,52.3113,1,21.2113
6440ce79c0c3edd418fadcc7,Black,31.1,GB,7-Mar-23,B09JG59MGK,120mm,Dracaena Store,67.0306,67.0306,1,35.9306
6440ce79c0c3edd418fadcc8,Black,31.1,GB,8-Mar-23,B09JG59MGK,120mm,Dracaena Store,65.3923,65.3923,1,34.2923
6440ce79c0c3edd418fadccd,Black,31.1,GB,13-Mar-23,B09JG59MGK,120mm,Dracaena Store,65.3923,65.3923,1,34.2923
6440d672c0c3edd418fb77f7,Black,31.1,DE,15-Mar-23,B09JG59MGK,120mm,Dracaena Store,61.5414,61.5414,1,30.4414
6441d24ec0c3edd4180cf44e,Black,31.1,MX,18-Apr-23,B09JG59MGK,120mm,Dracaena Store,57.942,57.942,1,26.842
6441e5a7c0c3edd4180e410a,Black,31.1,GB,28-Dec-22,B09JG59MGK,120mm,Dracaena Store,64.7573,129.5146,2,67.3146
6441e5a7c0c3edd4180e410b,Black,31.1,GB,29-Dec-22,B09JG59MGK,120mm,Dracaena Store,64.7573,64.7573,1,33.6573
6441e5a7c0c3edd4180e410c,Black,31.1,GB,30-Dec-22,B09JG59MGK,120mm,Dracaena Store,65.3923,65.3923,1,34.2923
6441e5a7c0c3edd4180e411b,Black,31.1,GB,14-Jan-23,B09JG59MGK,120mm,Dracaena Store,65.3923,130.7846,2,68.5846
6441e5a7c0c3edd4180e411f,Black,31.1,GB,18-Jan-23,B09JG59MGK,120mm,Dracaena Store,65.3923,65.3923,1,34.2923
6441e5a7c0c3edd4180e4105,Black,31.1,GB,23-Dec-22,B09JG59MGK,120mm,Dracaena Store,63.8937,63.8937,1,32.7937
6441e5a7c0c3edd4180e4109,Black,31.1,GB,27-Dec-22,B09JG59MGK,120mm,Dracaena Store,65.3923,65.3923,1,34.2923
6441e5a7c0c3edd4180e4115,Black,31.1,GB,8-Jan-23,B09JG59MGK,120mm,Dracaena Store,65.3923,65.3923,1,34.2923
6441e5a7c0c3edd4180e4116,Black,31.1,GB,9-Jan-23,B09JG59MGK,120mm,Dracaena Store,65.3923,65.3923,1,34.2923
6441e5a7c0c3edd4180e4117,Black,31.1,GB,10-Jan-23,B09JG59MGK,120mm,Dracaena Store,65.3923,65.3923,1,34.2923
6441e5c6c0c3edd4180e428b,Black,41.1,GB,23-Dec-22,B09JG4TTP2,240mmm,Dracaena Store,79.9973,79.9973,1,38.8973
6441e5c6c0c3edd4180e4289,Black,41.1,GB,21-Dec-22,B09JG4TTP2,240mmm,Dracaena Store,79.9973,79.9973,1,38.8973
6441e5c6c0c3edd4180e4290,Black,41.1,GB,28-Dec-22,B09JG4TTP2,240mmm,Dracaena Store,79.9973,79.9973,1,38.8973
6441e5c6c0c3edd4180e4291,Black,41.1,GB,29-Dec-22,B09JG4TTP2,240mmm,Dracaena Store,79.9973,159.9946,2,77.7946
6441e5c6c0c3edd4180e4293,Black,41.1,GB,31-Dec-22,B09JG4TTP2,240mmm,Dracaena Store,79.9973,79.9973,1,38.8973
6441e5d8c0c3edd4180e437b,Black,51,GB,23-Dec-22,B09JG5X1PY,360mm,Dracaena Store,97.6122,97.6122,1,46.6122
6441e5d8c0c3edd4180e437f,Black,51,GB,27-Dec-22,B09JG5X1PY,360mm,Dracaena Store,94.4372,94.4372,1,43.4372
6441edb6c0c3edd4180ecfe2,Black,31.1,DE,26-Dec-22,B09JG59MGK,120mm,Dracaena Store,61.0291,61.0291,1,29.9291
6441eef0c0c3edd4180eeb2c,Black,41.1,DE,22-Dec-22,B09JG4TTP2,240mmm,Dracaena Store,74.1091,74.1091,1,33.0091
6441eef0c0c3edd4180eeb2d,Black,41.1,DE,23-Dec-22,B09JG4TTP2,240mmm,Dracaena Store,74.1091,74.1091,1,33.0091
6441eef0c0c3edd4180eeb37,Black,41.1,DE,2-Jan-23,B09JG4TTP2,240mmm,Dracaena Store,74.1091,74.1091,1,33.0091
6441f6a5c0c3edd4180f86ef,Black,31.1,US,28-Mar-23,B09JG59MGK,120mm,Dracaena Store,52,52,1,20.9
6441f6a5c0c3edd4180f86fd,Black,31.1,US,11-Apr-23,B09JG59MGK,120mm,Dracaena Store,52,52,1,20.9
64171e941bb907e393d65445,Black,31.1,CA,21-Oct-22,B09JG59MGK,120mm,Dracaena Store,52.44,52.44,1,21.34
64171e941bb907e393d65446,Black,31.1,CA,22-Oct-22,B09JG59MGK,120mm,Dracaena Store,52.44,52.44,1,21.34
64171e941bb907e393d65447,Black,31.1,CA,23-Oct-22,B09JG59MGK,120mm,Dracaena Store,52.44,52.44,1,21.34
64171e941bb907e393d65449,Black,31.1,CA,25-Oct-22,B09JG59MGK,120mm,Dracaena Store,52.44,52.44,1,21.34
64172e1d1bb907e393d7130c,Black,51,US,20-Oct-22,B09JG5X1PY,360mm,Dracaena Store,86,86,1,35
64172e181bb907e393d712f1,Black,41.1,US,23-Oct-22,B09JG4TTP2,240mmm,Dracaena Store,69,69,1,27.9
64172e181bb907e393d712f3,Black,41.1,US,25-Oct-22,B09JG4TTP2,240mmm,Dracaena Store,69,207,3,83.7
64172e821bb907e393d715be,Black,31.1,US,20-Oct-22,B09JG59MGK,120mm,Dracaena Store,52,364,7,146.3
64172e821bb907e393d715bf,Black,31.1,US,21-Oct-22,B09JG59MGK,120mm,Dracaena Store,52,156,3,62.7
64172e821bb907e393d715c0,Black,31.1,US,22-Oct-22,B09JG59MGK,120mm,Dracaena Store,52,312,6,125.4
64172e821bb907e393d715c1,Black,31.1,US,23-Oct-22,B09JG59MGK,120mm,Dracaena Store,52,208,4,83.6
64172e821bb907e393d715c2,Black,31.1,US,24-Oct-22,B09JG59MGK,120mm,Dracaena Store,52,416,8,167.2
64172e821bb907e393d715c3,Black,31.1,US,25-Oct-22,B09JG59MGK,120mm,Dracaena Store,52,156,3,62.7
64172e821bb907e393d715c4,Black,31.1,US,26-Oct-22,B09JG59MGK,120mm,Dracaena Store,52,260,5,104.5
64172e821bb907e393d715c5,Black,31.1,US,27-Oct-22,B09JG59MGK,120mm,Dracaena Store,52,416,8,167.2
64227a068c830bbda3ab53d2,Black,41.1,GB,4-Nov-22,B09JG4TTP2,240mmm,Dracaena Store,76.2,76.2,1,35.1
64320a662573fba749c92bcc,Black,41.1,US,9-Nov-22,B09JG4TTP2,240mmm,Dracaena Store,69,276,4,111.6
64320ad32573fba749c9370c,Black,31.1,US,9-Nov-22,B09JG59MGK,120mm,Dracaena Store,54.99,329.94,6,143.34
64325c842573fba749d0b47b,Black,31.1,DE,12-Nov-22,B09JG59MGK,120mm,Dracaena Store,61.5632,61.5632,1,30.4632
64325c842573fba749d0b479,Black,31.1,DE,10-Nov-22,B09JG59MGK,120mm,Dracaena Store,61.0509,61.0509,1,29.9509
64325c842573fba749d0b481,Black,31.1,DE,18-Nov-22,B09JG59MGK,120mm,Dracaena Store,61.0509,61.0509,1,29.9509
64325d062573fba749d0c051,Black,51,DE,12-Nov-22,B09JG5X1PY,360mm,Dracaena Store,94.83,94.83,1,43.83
64325d602573fba749d0c95d,Black,41.1,DE,18-Nov-22,B09JG4TTP2,240mmm,Dracaena Store,65.4,65.4,1,24.3
64403a81c0c3edd418f07c6e,Black,31.1,IT,20-Nov-22,B09JG59MGK,120mm,Dracaena Store,62.13,62.13,1,31.03
64403feec0c3edd418f0f233,Black,31.1,JP,20-Nov-22,B09JG59MGK,120mm,Dracaena Store,46.186,46.186,1,15.086
64404c69c0c3edd418f1b2bd,Black,41.1,US,20-Nov-22,B09JG4TTP2,240mmm,Dracaena Store,69,69,1,27.9
64404cfac0c3edd418f1b58d,Black,31.1,US,20-Nov-22,B09JG59MGK,120mm,Dracaena Store,55,330,6,143.4
64407f3ec0c3edd418f50a5e,Black,31.1,DE,1-Apr-23,B09JG59MGK,120mm,Dracaena Store,54.4891,54.4891,1,23.3891
64407f3ec0c3edd418f50a6b,Black,31.1,DE,14-Apr-23,B09JG59MGK,120mm,Dracaena Store,54.4891,54.4891,1,23.3891
64407f3ec0c3edd418f50a6d,Black,31.1,DE,16-Apr-23,B09JG59MGK,120mm,Dracaena Store,54.4891,54.4891,1,23.3891
64407f3ec0c3edd418f50a6e,Black,31.1,DE,17-Apr-23,B09JG59MGK,120mm,Dracaena Store,55.8625,55.8625,1,24.7625
64407f3ec0c3edd418f50a69,Black,31.1,DE,12-Apr-23,B09JG59MGK,120mm,Dracaena Store,54.4891,108.9782,2,46.7782
64407f3ec0c3edd418f50a70,Black,31.1,DE,19-Apr-23,B09JG59MGK,120mm,Dracaena Store,54.4891,54.4891,1,23.3891
64415f94c0c3edd41804e719,Black,31.1,MX,19-Dec-22,B09JG59MGK,120mm,Dracaena Store,75.342,75.342,1,44.242
64416c5cc0c3edd41805e1c7,Black,31.1,CA,23-Nov-22,B09JG59MGK,120mm,Dracaena Store,52.44,52.44,1,21.34
64416c5cc0c3edd41805e1c9,Black,31.1,CA,25-Nov-22,B09JG59MGK,120mm,Dracaena Store,42.5524,42.5524,1,11.4524
64416c5cc0c3edd41805e1cb,Black,31.1,CA,27-Nov-22,B09JG59MGK,120mm,Dracaena Store,42.5524,170.2096,4,45.8096
64416c5cc0c3edd41805e1cc,Black,31.1,CA,28-Nov-22,B09JG59MGK,120mm,Dracaena Store,52.44,157.32,3,64.02
64416c5cc0c3edd41805e1d2,Black,31.1,CA,4-Dec-22,B09JG59MGK,120mm,Dracaena Store,52.44,52.44,1,21.34
64416c5cc0c3edd41805e1d6,Black,31.1,CA,8-Dec-22,B09JG59MGK,120mm,Dracaena Store,52.44,52.44,1,21.34
64416c5cc0c3edd41805e1d7,Black,31.1,CA,9-Dec-22,B09JG59MGK,120mm,Dracaena Store,52.44,104.88,2,42.68
64416c5cc0c3edd41805e1d9,Black,31.1,CA,11-Dec-22,B09JG59MGK,120mm,Dracaena Store,52.44,104.88,2,42.68
64416c5cc0c3edd41805e1da,Black,31.1,CA,12-Dec-22,B09JG59MGK,120mm,Dracaena Store,52.44,157.32,3,64.02
64416c5cc0c3edd41805e1db,Black,31.1,CA,13-Dec-22,B09JG59MGK,120mm,Dracaena Store,58.5124,58.5124,1,27.4124
64416c5cc0c3edd41805e1dd,Black,31.1,CA,15-Dec-22,B09JG59MGK,120mm,Dracaena Store,58.5124,58.5124,1,27.4124
64416c5cc0c3edd41805e1de,Black,31.1,CA,16-Dec-22,B09JG59MGK,120mm,Dracaena Store,58.5124,58.5124,1,27.4124
64416c5cc0c3edd41805e1e0,Black,31.1,CA,18-Dec-22,B09JG59MGK,120mm,Dracaena Store,58.5124,58.5124,1,27.4124
64416c5cc0c3edd41805e1e1,Black,31.1,CA,19-Dec-22,B09JG59MGK,120mm,Dracaena Store,58.5124,58.5124,1,27.4124
64418aaec0c3edd41807ea8d,Black,31.1,GB,20-Jan-23,B09JG59MGK,120mm,Dracaena Store,65.3923,65.3923,1,34.2923
64418aaec0c3edd41807ea8e,Black,31.1,GB,21-Jan-23,B09JG59MGK,120mm,Dracaena Store,59.944,119.888,2,57.688
64418aaec0c3edd41807ea9d,Black,31.1,GB,5-Feb-23,B09JG59MGK,120mm,Dracaena Store,65.3923,65.3923,1,34.2923
64418aaec0c3edd41807ea9e,Black,31.1,GB,6-Feb-23,B09JG59MGK,120mm,Dracaena Store,65.3923,65.3923,1,34.2923
64418aaec0c3edd41807ea9f,Black,31.1,GB,7-Feb-23,B09JG59MGK,120mm,Dracaena Store,65.3923,65.3923,1,34.2923
64418aaec0c3edd41807ea91,Black,31.1,GB,24-Jan-23,B09JG59MGK,120mm,Dracaena Store,65.3923,65.3923,1,34.2923
64418aaec0c3edd41807ea92,Black,31.1,GB,25-Jan-23,B09JG59MGK,120mm,Dracaena Store,65.3923,65.3923,1,34.2923
64418aaec0c3edd41807ea94,Black,31.1,GB,27-Jan-23,B09JG59MGK,120mm,Dracaena Store,65.3923,130.7846,2,68.5846
64418aaec0c3edd41807ea95,Black,31.1,GB,28-Jan-23,B09JG59MGK,120mm,Dracaena Store,65.3923,65.3923,1,34.2923
64418aaec0c3edd41807ea97,Black,31.1,GB,30-Jan-23,B09JG59MGK,120mm,Dracaena Store,65.3923,65.3923,1,34.2923
64418aaec0c3edd41807ea98,Black,31.1,GB,31-Jan-23,B09JG59MGK,120mm,Dracaena Store,65.3923,65.3923,1,34.2923
64418aaec0c3edd41807eaa3,Black,31.1,GB,11-Feb-23,B09JG59MGK,120mm,Dracaena Store,65.3923,65.3923,1,34.2923
64418aaec0c3edd41807eaaa,Black,31.1,GB,18-Feb-23,B09JG59MGK,120mm,Dracaena Store,65.3923,65.3923,1,34.2923
64418accc0c3edd41807ec6b,Black,41.1,GB,17-Feb-23,B09JG4TTP2,240mmm,Dracaena Store,79.9973,79.9973,1,38.8973
64424b22c0c3edd41815b48b,Black,31.1,DE,9-Dec-22,B09JG59MGK,120mm,Dracaena Store,61.0509,61.0509,1,29.9509
64424b22c0c3edd41815b48e,Black,31.1,DE,12-Dec-22,B09JG59MGK,120mm,Dracaena Store,61.0509,61.0509,1,29.9509
64424b22c0c3edd41815b491,Black,31.1,DE,15-Dec-22,B09JG59MGK,120mm,Dracaena Store,61.0509,61.0509,1,29.9509
64424b22c0c3edd41815b492,Black,31.1,DE,16-Dec-22,B09JG59MGK,120mm,Dracaena Store,61.0509,61.0509,1,29.9509
64424bb5c0c3edd41815c03d,Black,31.1,JP,4-Dec-22,B09JG59MGK,120mm,Dracaena Store,67.186,67.186,1,36.086
64424bb5c0c3edd41815c04b,Black,31.1,JP,18-Dec-22,B09JG59MGK,120mm,Dracaena Store,55.993,55.993,1,24.893
64424bb5c0c3edd41815c031,Black,31.1,JP,22-Nov-22,B09JG59MGK,120mm,Dracaena Store,46.186,46.186,1,15.086
64424bb5c0c3edd41815c032,Black,31.1,JP,23-Nov-22,B09JG59MGK,120mm,Dracaena Store,46.186,46.186,1,15.086
64424bb5c0c3edd41815c033,Black,31.1,JP,24-Nov-22,B09JG59MGK,120mm,Dracaena Store,46.186,46.186,1,15.086
64424bb5c0c3edd41815c034,Black,31.1,JP,25-Nov-22,B09JG59MGK,120mm,Dracaena Store,46.186,46.186,1,15.086
64424bb5c0c3edd41815c036,Black,31.1,JP,27-Nov-22,B09JG59MGK,120mm,Dracaena Store,54.586,272.93,5,117.43
64424bb5c0c3edd41815c038,Black,31.1,JP,29-Nov-22,B09JG59MGK,120mm,Dracaena Store,67.186,67.186,1,36.086
64424bb5c0c3edd41815c048,Black,31.1,JP,15-Dec-22,B09JG59MGK,120mm,Dracaena Store,55.993,55.993,1,24.893
64424bb5c0c3edd41815c049,Black,31.1,JP,16-Dec-22,B09JG59MGK,120mm,Dracaena Store,55.993,55.993,1,24.893
64424bcac0c3edd41815c1a4,Black,41.1,JP,3-Dec-22,B09JG4TTP2,240mmm,Dracaena Store,84.581,84.581,1,43.481
64424be4c0c3edd41815c34f,Black,51,DE,9-Dec-22,B09JG5X1PY,360mm,Dracaena Store,94.83,94.83,1,43.83
64424be4c0c3edd41815c357,Black,51,DE,17-Dec-22,B09JG5X1PY,360mm,Dracaena Store,94.83,94.83,1,43.83
64424c68c0c3edd41815cc7b,Black,41.1,DE,17-Dec-22,B09JG4TTP2,240mmm,Dracaena Store,74.1091,74.1091,1,33.0091
64424c68c0c3edd41815cc62,Black,41.1,DE,22-Nov-22,B09JG4TTP2,240mmm,Dracaena Store,65.4,65.4,1,24.3
64424c68c0c3edd41815cc72,Black,41.1,DE,8-Dec-22,B09JG4TTP2,240mmm,Dracaena Store,65.4,65.4,1,24.3
64424c68c0c3edd41815cc73,Black,41.1,DE,9-Dec-22,B09JG4TTP2,240mmm,Dracaena Store,65.4,65.4,1,24.3
64424c68c0c3edd41815cc75,Black,41.1,DE,11-Dec-22,B09JG4TTP2,240mmm,Dracaena Store,65.4,65.4,1,24.3
64424c68c0c3edd41815cc77,Black,41.1,DE,13-Dec-22,B09JG4TTP2,240mmm,Dracaena Store,65.4,65.4,1,24.3
64425b5ac0c3edd4181688e3,Black,51,US,8-Feb-23,B09JG5X1PY,360mm,Dracaena Store,86.99,86.99,1,35.99
64425beec0c3edd4181690ae,Black,31.1,US,24-Jan-23,B09JG59MGK,120mm,Dracaena Store,58.99,58.99,1,27.89
64425beec0c3edd4181690af,Black,31.1,US,25-Jan-23,B09JG59MGK,120mm,Dracaena Store,52,52,1,20.9
64427bf6dc352d950f443a83,Black,31.1,US,22-Dec-22,B09JG59MGK,120mm,Ingenious Store,56.99,569.9,10,258.9
64427bf6dc352d950f443a84,Black,31.1,US,23-Dec-22,B09JG59MGK,120mm,Ingenious Store,56.99,512.91,9,233.01
64427bf6dc352d950f443a85,Black,31.1,US,24-Dec-22,B09JG59MGK,120mm,Ingenious Store,56.99,284.95,5,129.45
64427bf6dc352d950f443a86,Black,31.1,US,25-Dec-22,B09JG59MGK,120mm,Ingenious Store,56.99,512.91,9,233.01
64427bf6dc352d950f443a87,Black,31.1,US,26-Dec-22,B09JG59MGK,120mm,Ingenious Store,56.99,797.86,14,362.46
64427bf6dc352d950f443a88,Black,31.1,US,27-Dec-22,B09JG59MGK,120mm,Ingenious Store,56.99,740.87,13,336.57
64427bf9dc352d950f443aa2,Black,41.1,US,23-Dec-22,B09JG4TTP2,240mmm,Ingenious Store,75.99,151.98,2,69.78
64427bf9dc352d950f443aa4,Black,41.1,US,25-Dec-22,B09JG4TTP2,240mmm,Ingenious Store,75.99,151.98,2,69.78
64427bf9dc352d950f443aa5,Black,41.1,US,26-Dec-22,B09JG4TTP2,240mmm,Ingenious Store,75.99,151.98,2,69.78
64427bf9dc352d950f443aa6,Black,41.1,US,27-Dec-22,B09JG4TTP2,240mmm,Ingenious Store,75.99,227.97,3,104.67
64427c5ec0c3edd418191627,Black,31.1,JP,25-Jan-23,B09JG59MGK,120mm,Dracaena Store,55.993,55.993,1,24.893
64427c5ec0c3edd418191628,Black,31.1,JP,26-Jan-23,B09JG59MGK,120mm,Dracaena Store,55.993,55.993,1,24.893
64427c75c0c3edd4181917e5,Black,41.1,JP,21-Jan-23,B09JG4TTP2,240mmm,Dracaena Store,84.693,169.386,2,87.186
64427c75c0c3edd4181917e6,Black,41.1,JP,22-Jan-23,B09JG4TTP2,240mmm,Dracaena Store,84.693,84.693,1,43.593
641365ec1bb907e393b1f5b8,Black,31.1,US,17-Oct-22,B09JG59MGK,120mm,Dracaena Store,47.27,520,11,177.87
641679f71bb907e393d0252e,Black,31.1,US,19-Oct-22,B09JG59MGK,120mm,Dracaena Store,52,312,6,125.4
642279ef8c830bbda3ab520f,Black,31.1,GB,3-Nov-22,B09JG59MGK,120mm,Dracaena Store,58.42,116.84,2,54.64
642279ef8c830bbda3ab5211,Black,31.1,GB,5-Nov-22,B09JG59MGK,120mm,Dracaena Store,58.42,58.42,1,27.32
642283cb8c830bbda3abf367,Black,31.1,DE,28-Oct-22,B09JG59MGK,120mm,Dracaena Store,61.0509,61.0509,1,29.9509
642704d78c830bbda3fe3b27,Black,31.1,JP,1-Nov-22,B09JG59MGK,120mm,Dracaena Store,53.186,53.186,1,22.086
642784ce8c830bbda3077223,Black,31.1,CA,1-Nov-22,B09JG59MGK,120mm,Dracaena Store,52.44,52.44,1,21.34
644076ecc0c3edd418f4690d,Black,31.1,GB,14-Apr-23,B09JG59MGK,120mm,Dracaena Store,65.3923,65.3923,1,34.2923
644076ecc0c3edd418f46911,Black,31.1,GB,18-Apr-23,B09JG59MGK,120mm,Dracaena Store,65.3923,65.3923,1,34.2923
644090e4c0c3edd418f63d03,Black,31.1,SE,23-Mar-23,B09JG59MGK,120mm,Dracaena Store,55.149,55.149,1,24.049
644183c4c0c3edd418077fb1,Black,41.1,US,25-Nov-22,B09JG4TTP2,240mmm,Dracaena Store,62,62,1,20.9
644183c4c0c3edd418077fb3,Black,41.1,US,27-Nov-22,B09JG4TTP2,240mmm,Dracaena Store,69.99,69.99,1,28.89
644183c4c0c3edd418077fb4,Black,41.1,US,28-Nov-22,B09JG4TTP2,240mmm,Dracaena Store,75.99,151.98,2,69.78
644183cbc0c3edd41807802a,Black,51,US,26-Nov-22,B09JG5X1PY,360mm,Dracaena Store,86.99,86.99,1,35.99
644183cbc0c3edd41807802c,Black,51,US,28-Nov-22,B09JG5X1PY,360mm,Dracaena Store,86.99,86.99,1,35.99
644183cbc0c3edd41807802d,Black,51,US,29-Nov-22,B09JG5X1PY,360mm,Dracaena Store,86.99,86.99,1,35.99
644183cbc0c3edd41807802e,Black,51,US,30-Nov-22,B09JG5X1PY,360mm,Dracaena Store,86.99,86.99,1,35.99
644183cbc0c3edd418078027,Black,51,US,23-Nov-22,B09JG5X1PY,360mm,Dracaena Store,86,86,1,35
644183cbc0c3edd418078029,Black,51,US,25-Nov-22,B09JG5X1PY,360mm,Dracaena Store,86,86,1,35
644183cbc0c3edd418078030,Black,51,US,2-Dec-22,B09JG5X1PY,360mm,Dracaena Store,86.99,260.97,3,107.97
644183cbc0c3edd418078031,Black,51,US,3-Dec-22,B09JG5X1PY,360mm,Dracaena Store,86.99,173.98,2,71.98
644183cbc0c3edd418078033,Black,51,US,5-Dec-22,B09JG5X1PY,360mm,Dracaena Store,86.99,86.99,1,35.99
644243d9c0c3edd41815201d,Black,31.1,CA,21-Jan-23,B09JG59MGK,120mm,Dracaena Store,58.5124,58.5124,1,27.4124
644243d9c0c3edd418152021,Black,31.1,CA,25-Jan-23,B09JG59MGK,120mm,Dracaena Store,58.5124,117.0248,2,54.8248
644243d9c0c3edd418152022,Black,31.1,CA,26-Jan-23,B09JG59MGK,120mm,Dracaena Store,58.5124,58.5124,1,27.4124
644243d9c0c3edd418152026,Black,31.1,CA,30-Jan-23,B09JG59MGK,120mm,Dracaena Store,58.5124,58.5124,1,27.4124
644268a1c0c3edd418177b0c,Black,31.1,MX,23-Dec-22,B09JG59MGK,120mm,Dracaena Store,75.342,75.342,1,44.242
644268a1c0c3edd418177b20,Black,31.1,MX,12-Jan-23,B09JG59MGK,120mm,Dracaena Store,75.342,75.342,1,44.242
644270adc0c3edd418182313,Black,41.1,IT,17-Dec-22,B09JG4TTP2,240mmm,Dracaena Store,61.6504,61.6504,1,20.5504
649967bf95fc0c94f0528bed,Black,31.1,US,28-Dec-22,B09JG59MGK,120mm,Ingenious Store,56.99,341.94,6,155.34
649967c295fc0c94f0528c0b,Black,41.1,US,28-Dec-22,B09JG4TTP2,240mmm,Ingenious Store,75.99,151.98,2,69.78
6416798d1bb907e393d01fac,Black,41.1,US,19-Oct-22,B09JG4TTP2,240mmm,Dracaena Store,69,69,1,27.9
6440806fc0c3edd418f51ffd,Black,41.1,DE,16-Apr-23,B09JG4TTP2,240mmm,Dracaena Store,74.1091,74.1091,1,33.0091
6441515fc0c3edd418040064,Black,31.1,US,28-Dec-22,B09JG59MGK,120mm,Dracaena Store,52,52,1,20.9
6441515fc0c3edd418040066,Black,31.1,US,30-Dec-22,B09JG59MGK,120mm,Dracaena Store,54.99,54.99,1,23.89
6442112bc0c3edd41811a8cf,Black,31.1,CA,2-Mar-23,B09JG59MGK,120mm,Dracaena Store,58.5124,58.5124,1,27.4124
6442142cc0c3edd41811d9b0,Black,41.1,IT,3-Jan-23,B09JG4TTP2,240mmm,Dracaena Store,75.1991,150.3982,2,68.1982
6442284ac0c3edd41812efbb,Black,31.1,US,22-Feb-23,B09JG59MGK,120mm,Dracaena Store,52,52,1,20.9
6442428bc0c3edd41815079c,Black,51,GB,18-Dec-22,B09JG5X1PY,360mm,Dracaena Store,95.25,95.25,1,44.25
6442428bc0c3edd41815079e,Black,51,GB,20-Dec-22,B09JG5X1PY,360mm,Dracaena Store,92.6592,92.6592,1,41.6592
6442428bc0c3edd418150784,Black,51,GB,24-Nov-22,B09JG5X1PY,360mm,Dracaena Store,87.63,87.63,1,36.63
6442428bc0c3edd418150794,Black,51,GB,10-Dec-22,B09JG5X1PY,360mm,Dracaena Store,95.25,95.25,1,44.25
6442428bc0c3edd418150795,Black,51,GB,11-Dec-22,B09JG5X1PY,360mm,Dracaena Store,95.25,95.25,1,44.25
6442544bdc352d950f43816b,Black,51,US,8-Dec-22,B09JG5X1PY,360mm,Ingenious Store,85.99,171.98,2,69.98
6442544bdc352d950f43816f,Black,51,US,12-Dec-22,B09JG5X1PY,360mm,Ingenious Store,85.99,343.96,4,139.96
6442544bdc352d950f438170,Black,51,US,13-Dec-22,B09JG5X1PY,360mm,Ingenious Store,85.99,257.97,3,104.97
6442544bdc352d950f438171,Black,51,US,14-Dec-22,B09JG5X1PY,360mm,Ingenious Store,85.99,257.97,3,104.97
6442544bdc352d950f438172,Black,51,US,15-Dec-22,B09JG5X1PY,360mm,Ingenious Store,85.99,257.97,3,104.97
6442544bdc352d950f438173,Black,51,US,16-Dec-22,B09JG5X1PY,360mm,Ingenious Store,85.99,429.95,5,174.95
6442545fdc352d950f4381fc,Black,31.1,US,3-Dec-22,B09JG59MGK,120mm,Ingenious Store,52,104,2,41.8
6442545fdc352d950f4381fd,Black,31.1,US,4-Dec-22,B09JG59MGK,120mm,Ingenious Store,52,156,3,62.7
6442545fdc352d950f4381ff,Black,31.1,US,6-Dec-22,B09JG59MGK,120mm,Ingenious Store,53.79,537.9,10,226.9
6442545fdc352d950f43820a,Black,31.1,US,17-Dec-22,B09JG59MGK,120mm,Ingenious Store,56.99,740.87,13,336.57
6442545fdc352d950f43820b,Black,31.1,US,18-Dec-22,B09JG59MGK,120mm,Ingenious Store,56.99,626.89,11,284.79
6442545fdc352d950f43820c,Black,31.1,US,19-Dec-22,B09JG59MGK,120mm,Ingenious Store,56.99,797.86,14,362.46
6442545fdc352d950f43820d,Black,31.1,US,20-Dec-22,B09JG59MGK,120mm,Ingenious Store,56.99,626.89,11,284.79
6442545fdc352d950f43820e,Black,31.1,US,21-Dec-22,B09JG59MGK,120mm,Ingenious Store,51.29,512.91,10,201.9
6442545fdc352d950f438200,Black,31.1,US,7-Dec-22,B09JG59MGK,120mm,Ingenious Store,54.99,659.88,12,286.68
6442545fdc352d950f438201,Black,31.1,US,8-Dec-22,B09JG59MGK,120mm,Ingenious Store,54.99,439.92,8,191.12
6442545fdc352d950f438202,Black,31.1,US,9-Dec-22,B09JG59MGK,120mm,Ingenious Store,54.99,439.92,8,191.12
6442545fdc352d950f438203,Black,31.1,US,10-Dec-22,B09JG59MGK,120mm,Ingenious Store,48.37,386.93,8,138.16
6442545fdc352d950f438204,Black,31.1,US,11-Dec-22,B09JG59MGK,120mm,Ingenious Store,56.99,740.87,13,336.57
6442545fdc352d950f438205,Black,31.1,US,12-Dec-22,B09JG59MGK,120mm,Ingenious Store,56.99,569.9,10,258.9
6442545fdc352d950f438206,Black,31.1,US,13-Dec-22,B09JG59MGK,120mm,Ingenious Store,56.99,797.86,14,362.46
6442545fdc352d950f438207,Black,31.1,US,14-Dec-22,B09JG59MGK,120mm,Ingenious Store,56.99,512.91,9,233.01
6442545fdc352d950f438208,Black,31.1,US,15-Dec-22,B09JG59MGK,120mm,Ingenious Store,56.99,1367.76,24,621.36
6442545fdc352d950f438209,Black,31.1,US,16-Dec-22,B09JG59MGK,120mm,Ingenious Store,56.99,455.92,8,207.12
6442708bc0c3edd418182061,Black,31.1,IT,17-Dec-22,B09JG59MGK,120mm,Dracaena Store,62.13,124.26,2,62.06
64418465c0c3edd418078b4a,Black,31.1,US,24-Nov-22,B09JG59MGK,120mm,Dracaena Store,55,165,3,71.7
64418465c0c3edd418078b4b,Black,31.1,US,25-Nov-22,B09JG59MGK,120mm,Dracaena Store,55.99,279.95,5,124.45
64418465c0c3edd418078b4e,Black,31.1,US,28-Nov-22,B09JG59MGK,120mm,Dracaena Store,60.99,60.99,1,29.89
64418465c0c3edd418078b4f,Black,31.1,US,29-Nov-22,B09JG59MGK,120mm,Dracaena Store,60.99,60.99,1,29.89
64418465c0c3edd418078b5d,Black,31.1,US,13-Dec-22,B09JG59MGK,120mm,Dracaena Store,54.99,54.99,1,23.89
64418465c0c3edd418078b47,Black,31.1,US,21-Nov-22,B09JG59MGK,120mm,Dracaena Store,55,330,6,143.4
64418465c0c3edd418078b48,Black,31.1,US,22-Nov-22,B09JG59MGK,120mm,Dracaena Store,55,165,3,71.7
64418465c0c3edd418078b49,Black,31.1,US,23-Nov-22,B09JG59MGK,120mm,Dracaena Store,45.88,367,8,118.24
64418465c0c3edd418078b58,Black,31.1,US,8-Dec-22,B09JG59MGK,120mm,Dracaena Store,54.99,54.99,1,23.89
64420403c0c3edd4181098eb,Black,31.1,MX,26-Feb-23,B09JG59MGK,120mm,Dracaena Store,75.342,75.342,1,44.242
64420403c0c3edd4181098f0,Black,31.1,MX,3-Mar-23,B09JG59MGK,120mm,Dracaena Store,75.342,75.342,1,44.242
64422620c0c3edd41812c4b5,Black,51,FR,19-Dec-22,B09JG5X1PY,360mm,Dracaena Store,97.01,97.01,1,46.01
64422620c0c3edd41812c49c,Black,51,FR,24-Nov-22,B09JG5X1PY,360mm,Dracaena Store,97.01,97.01,1,46.01
64423692c0c3edd41814111b,Black,31.1,MX,2-Feb-23,B09JG59MGK,120mm,Dracaena Store,75.342,75.342,1,44.242
64424255c0c3edd4181502f1,Black,31.1,GB,23-Nov-22,B09JG59MGK,120mm,Dracaena Store,55.8546,167.5638,3,74.2638
64424255c0c3edd4181502f2,Black,31.1,GB,24-Nov-22,B09JG59MGK,120mm,Dracaena Store,55.8546,55.8546,1,24.7546
64424255c0c3edd4181502f3,Black,31.1,GB,25-Nov-22,B09JG59MGK,120mm,Dracaena Store,55.8546,55.8546,1,24.7546
64424255c0c3edd418150302,Black,31.1,GB,10-Dec-22,B09JG59MGK,120mm,Dracaena Store,65.3923,65.3923,1,34.2923
64424277c0c3edd4181505cf,Black,41.1,GB,7-Dec-22,B09JG4TTP2,240mmm,Dracaena Store,78.105,78.105,1,37.005
64424293c0c3edd41815083b,Black,31.1,JP,28-Dec-22,B09JG59MGK,120mm,Dracaena Store,55.993,55.993,1,24.893
64424293c0c3edd41815083c,Black,31.1,JP,29-Dec-22,B09JG59MGK,120mm,Dracaena Store,55.993,111.986,2,49.786
64424293c0c3edd41815083d,Black,31.1,JP,30-Dec-22,B09JG59MGK,120mm,Dracaena Store,55.993,55.993,1,24.893
64424293c0c3edd41815084b,Black,31.1,JP,13-Jan-23,B09JG59MGK,120mm,Dracaena Store,55.993,111.986,2,49.786
64424293c0c3edd41815084c,Black,31.1,JP,14-Jan-23,B09JG59MGK,120mm,Dracaena Store,55.993,55.993,1,24.893
64424293c0c3edd418150835,Black,31.1,JP,22-Dec-22,B09JG59MGK,120mm,Dracaena Store,55.993,55.993,1,24.893
64424293c0c3edd418150836,Black,31.1,JP,23-Dec-22,B09JG59MGK,120mm,Dracaena Store,55.993,55.993,1,24.893
64424293c0c3edd418150838,Black,31.1,JP,25-Dec-22,B09JG59MGK,120mm,Dracaena Store,55.993,55.993,1,24.893
64424293c0c3edd418150841,Black,31.1,JP,3-Jan-23,B09JG59MGK,120mm,Dracaena Store,55.993,55.993,1,24.893
64424293c0c3edd418150847,Black,31.1,JP,9-Jan-23,B09JG59MGK,120mm,Dracaena Store,55.993,55.993,1,24.893
64424293c0c3edd418150848,Black,31.1,JP,10-Jan-23,B09JG59MGK,120mm,Dracaena Store,55.993,55.993,1,24.893
64424293c0c3edd418150850,Black,31.1,JP,18-Jan-23,B09JG59MGK,120mm,Dracaena Store,55.993,55.993,1,24.893
64425462dc352d950f43822a,Black,41.1,US,19-Dec-22,B09JG4TTP2,240mmm,Ingenious Store,75.99,75.99,1,34.89
64425462dc352d950f43822b,Black,41.1,US,20-Dec-22,B09JG4TTP2,240mmm,Ingenious Store,75.99,75.99,1,34.89
64425462dc352d950f438222,Black,41.1,US,11-Dec-22,B09JG4TTP2,240mmm,Ingenious Store,68.99,68.99,1,27.89
64425462dc352d950f438224,Black,41.1,US,13-Dec-22,B09JG4TTP2,240mmm,Ingenious Store,68.99,68.99,1,27.89
64425462dc352d950f438225,Black,41.1,US,14-Dec-22,B09JG4TTP2,240mmm,Ingenious Store,68.99,206.97,3,83.67
64425462dc352d950f438226,Black,41.1,US,15-Dec-22,B09JG4TTP2,240mmm,Ingenious Store,68.99,275.96,4,111.56
64427530c0c3edd41818805f,Black,31.1,CA,22-Dec-22,B09JG59MGK,120mm,Dracaena Store,58.5124,117.0248,2,54.8248
64427530c0c3edd41818806e,Black,31.1,CA,6-Jan-23,B09JG59MGK,120mm,Dracaena Store,58.5124,58.5124,1,27.4124
64427530c0c3edd418188062,Black,31.1,CA,25-Dec-22,B09JG59MGK,120mm,Dracaena Store,58.5124,58.5124,1,27.4124
64427530c0c3edd418188063,Black,31.1,CA,26-Dec-22,B09JG59MGK,120mm,Dracaena Store,58.5124,58.5124,1,27.4124
64427530c0c3edd418188064,Black,31.1,CA,27-Dec-22,B09JG59MGK,120mm,Dracaena Store,58.5124,117.0248,2,54.8248
64427530c0c3edd418188065,Black,31.1,CA,28-Dec-22,B09JG59MGK,120mm,Dracaena Store,58.5124,58.5124,1,27.4124
64427530c0c3edd418188067,Black,31.1,CA,30-Dec-22,B09JG59MGK,120mm,Dracaena Store,58.5124,58.5124,1,27.4124
64427530c0c3edd418188068,Black,31.1,CA,31-Dec-22,B09JG59MGK,120mm,Dracaena Store,58.5124,58.5124,1,27.4124
64427530c0c3edd418188070,Black,31.1,CA,8-Jan-23,B09JG59MGK,120mm,Dracaena Store,58.5124,58.5124,1,27.4124
64427530c0c3edd418188072,Black,31.1,CA,10-Jan-23,B09JG59MGK,120mm,Dracaena Store,58.5124,58.5124,1,27.4124
64427530c0c3edd418188077,Black,31.1,CA,15-Jan-23,B09JG59MGK,120mm,Dracaena Store,58.5124,58.5124,1,27.4124
642317978c830bbda3b72101,Black,31.1,JP,29-Oct-22,B09JG59MGK,120mm,Dracaena Store,53.186,53.186,1,22.086
642369358c830bbda3bd168d,Black,31.1,US,29-Oct-22,B09JG59MGK,120mm,Dracaena Store,52,104,2,41.8
642795168c830bbda308bf89,Black,31.1,US,1-Nov-22,B09JG59MGK,120mm,Dracaena Store,52,260,5,104.5
642864218c830bbda317368b,Black,31.1,CA,2-Nov-22,B09JG59MGK,120mm,Dracaena Store,52.44,52.44,1,21.34
642874738c830bbda3185a39,Black,31.1,US,2-Nov-22,B09JG59MGK,120mm,Dracaena Store,52,364,7,146.3
64340364334b3086ade682b4,Black,31.1,JP,11-Nov-22,B09JG59MGK,120mm,Dracaena Store,53.186,53.186,1,22.086
64340364334b3086ade682b9,Black,31.1,JP,16-Nov-22,B09JG59MGK,120mm,Dracaena Store,53.186,159.558,3,66.258
643243392573fba749ce5536,Black,41.1,FR,11-Nov-22,B09JG4TTP2,240mmm,Dracaena Store,75.21,75.21,1,34.11
643256742573fba749d0205e,Black,31.1,GB,15-Nov-22,B09JG59MGK,120mm,Dracaena Store,58.42,58.42,1,27.32
643256742573fba749d02059,Black,31.1,GB,10-Nov-22,B09JG59MGK,120mm,Dracaena Store,58.42,116.84,2,54.64
