ASIN,Color,countryCode,Date,Order ID,Size,Store,Cost,Price to USD,Sales to USD,Units Sold
B09JG59MGK,Black,CA,4/29/2023,649bc5b6c7011f3740977816,120mm,Ingenious Store,31.1,60.7392,60.7392,1
B09JG5X1PY,Black,CA,6/10/2023,649bc25ec7011f3740975248,360mm,Ingenious Store,51,87.5444,87.5444,1
B09JG4TTP2,Black,US,12/11/2022,64425462dc352d950f438222,240mm,Ingenious Store,41.1,68.99,68.99,1
B09JG4TTP2,Black,US,12/13/2022,64425462dc352d950f438224,240mm,Ingenious Store,41.1,68.99,68.99,1
B09JG4TTP2,Black,US,4/21/2023,649bca14c7011f374097a9fa,240mm,Ingenious Store,41.1,69.99,69.99,1
B09JG4TTP2,Black,US,4/24/2023,649bca14c7011f374097a9fd,240mm,Ingenious Store,41.1,69.99,69.99,1
B09JG4TTP2,Black,US,4/26/2023,649bca14c7011f374097a9ff,240mm,Ingenious Store,41.1,69.99,69.99,1
B09JG4TTP2,Black,US,5/30/2023,649bc37fc7011f3740975f5d,240mm,Ingenious Store,41.1,72.99,72.99,1
B09JG4TTP2,Black,US,6/1/2023,649bc37fc7011f3740975f5f,240mm,Ingenious Store,41.1,72.99,72.99,1
B09JG4TTP2,Black,US,6/6/2023,649bc37fc7011f3740975f64,240mm,Ingenious Store,41.1,72.99,72.99,1
B09JG4TTP2,Black,US,6/12/2023,649bc37fc7011f3740975f6a,240mm,Ingenious Store,41.1,72.99,72.99,1
B09JG4TTP2,Black,US,6/15/2023,649bc37fc7011f3740975f6d,240mm,Ingenious Store,41.1,72.99,72.99,1
B09JG4TTP2,Black,US,6/16/2023,649bc37fc7011f3740975f6e,240mm,Ingenious Store,41.1,72.99,72.99,1
B09JG4TTP2,Black,US,6/17/2023,649bc37fc7011f3740975f6f,240mm,Ingenious Store,41.1,72.99,72.99,1
B09JG4TTP2,Black,US,6/19/2023,649bc37fc7011f3740975f71,240mm,Ingenious Store,41.1,72.99,72.99,1
B09JG4TTP2,Black,US,6/21/2023,649bc37fc7011f3740975f73,240mm,Ingenious Store,41.1,72.99,72.99,1
B09JG4TTP2,Black,US,6/23/2023,649bc37fc7011f3740975f75,240mm,Ingenious Store,41.1,72.99,72.99,1
B09JG4TTP2,Black,US,5/7/2023,649bc6cbc7011f37409784a8,240mm,Ingenious Store,41.1,74.99,74.99,1
B09JG4TTP2,Black,US,5/10/2023,649bc6cbc7011f37409784ab,240mm,Ingenious Store,41.1,74.99,74.99,1
B09JG4TTP2,Black,US,5/15/2023,649bc6cbc7011f37409784b0,240mm,Ingenious Store,41.1,74.99,74.99,1
B09JG4TTP2,Black,US,5/17/2023,649bc6cbc7011f37409784b2,240mm,Ingenious Store,41.1,74.99,74.99,1
B09JG4TTP2,Black,US,5/20/2023,649bc6cbc7011f37409784b5,240mm,Ingenious Store,41.1,74.99,74.99,1
B09JG4TTP2,Black,US,5/27/2023,649bc6cbc7011f37409784bc,240mm,Ingenious Store,41.1,74.99,74.99,1
B09JG4TTP2,Black,US,5/28/2023,649bc6cbc7011f37409784bd,240mm,Ingenious Store,41.1,74.99,74.99,1
B09JG4TTP2,Black,US,12/19/2022,64425462dc352d950f43822a,240mm,Ingenious Store,41.1,75.99,75.99,1
B09JG4TTP2,Black,US,12/20/2022,64425462dc352d950f43822b,240mm,Ingenious Store,41.1,75.99,75.99,1
B09JG4TTP2,Black,US,1/1/2023,649bd3b3c7011f37409819b2,240mm,Ingenious Store,41.1,75.99,75.99,1
B09JG4TTP2,Black,US,1/5/2023,649bd3b3c7011f37409819b6,240mm,Ingenious Store,41.1,75.99,75.99,1
B09JG4TTP2,Black,US,1/7/2023,649bd3b3c7011f37409819b8,240mm,Ingenious Store,41.1,75.99,75.99,1
B09JG4TTP2,Black,US,1/8/2023,649bd3b3c7011f37409819b9,240mm,Ingenious Store,41.1,75.99,75.99,1
B09JG4TTP2,Black,US,1/11/2023,649bd3b3c7011f37409819bc,240mm,Ingenious Store,41.1,75.99,75.99,1
B09JG4TTP2,Black,US,1/12/2023,649bd3b3c7011f37409819bd,240mm,Ingenious Store,41.1,75.99,75.99,1
B09JG4TTP2,Black,US,1/14/2023,649bd3b3c7011f37409819bf,240mm,Ingenious Store,41.1,75.99,75.99,1
B09JG4TTP2,Black,US,1/16/2023,649bd3b3c7011f37409819c1,240mm,Ingenious Store,41.1,75.99,75.99,1
B09JG4TTP2,Black,US,1/21/2023,649bd3b3c7011f37409819c6,240mm,Ingenious Store,41.1,75.99,75.99,1
B09JG4TTP2,Black,US,2/2/2023,649bd073c7011f374097f470,240mm,Ingenious Store,41.1,75.99,75.99,1
B09JG4TTP2,Black,US,2/6/2023,649bd073c7011f374097f474,240mm,Ingenious Store,41.1,75.99,75.99,1
B09JG4TTP2,Black,US,2/7/2023,649bd073c7011f374097f475,240mm,Ingenious Store,41.1,75.99,75.99,1
B09JG4TTP2,Black,US,2/11/2023,649bd073c7011f374097f479,240mm,Ingenious Store,41.1,75.99,75.99,1
B09JG4TTP2,Black,US,2/15/2023,649bd073c7011f374097f47d,240mm,Ingenious Store,41.1,75.99,75.99,1
B09JG4TTP2,Black,US,2/17/2023,649bd073c7011f374097f47f,240mm,Ingenious Store,41.1,75.99,75.99,1
B09JG4TTP2,Black,US,2/18/2023,649bd073c7011f374097f480,240mm,Ingenious Store,41.1,75.99,75.99,1
B09JG4TTP2,Black,US,2/22/2023,649bd073c7011f374097f484,240mm,Ingenious Store,41.1,75.99,75.99,1
B09JG4TTP2,Black,US,2/23/2023,649bd073c7011f374097f485,240mm,Ingenious Store,41.1,75.99,75.99,1
B09JG4TTP2,Black,US,3/4/2023,649bcd46c7011f374097cf2c,240mm,Ingenious Store,41.1,79.99,79.99,1
B09JG4TTP2,Black,US,3/6/2023,649bcd46c7011f374097cf2e,240mm,Ingenious Store,41.1,79.99,79.99,1
B09JG4TTP2,Black,US,3/31/2023,649bca14c7011f374097a9e5,240mm,Ingenious Store,41.1,79.99,79.99,1
B09JG59MGK,Black,US,1/21/2023,649bd3b1c7011f37409819a8,120mm,Ingenious Store,31.1,55.99,55.99,1
B09JG59MGK,Black,US,1/30/2023,649bd070c7011f374097f44f,120mm,Ingenious Store,31.1,55.99,55.99,1
B09JG59MGK,Black,US,1/10/2023,649bd3b1c7011f374098199d,120mm,Ingenious Store,31.1,58.99,58.99,1
B09JG59MGK,Black,US,4/30/2023,649bc6c9c7011f3740978483,120mm,Ingenious Store,31.1,63.99,63.99,1
B09JG5X1PY,Black,US,2/3/2023,649bd063c7011f374097f3bd,360mm,Ingenious Store,51,82.99,82.99,1
B09JG5X1PY,Black,US,2/4/2023,649bd063c7011f374097f3be,360mm,Ingenious Store,51,82.99,82.99,1
B09JG5X1PY,Black,US,2/6/2023,649bd063c7011f374097f3c0,360mm,Ingenious Store,51,82.99,82.99,1
B09JG5X1PY,Black,US,2/7/2023,649bd063c7011f374097f3c1,360mm,Ingenious Store,51,82.99,82.99,1
B09JG5X1PY,Black,US,2/9/2023,649bd063c7011f374097f3c3,360mm,Ingenious Store,51,82.99,82.99,1
B09JG5X1PY,Black,US,2/17/2023,649bd063c7011f374097f3cb,360mm,Ingenious Store,51,82.99,82.99,1
B09JG5X1PY,Black,US,5/30/2023,649bc36fc7011f3740975ea9,360mm,Ingenious Store,51,84.99,84.99,1
B09JG5X1PY,Black,US,6/2/2023,649bc36fc7011f3740975eac,360mm,Ingenious Store,51,84.99,84.99,1
B09JG5X1PY,Black,US,6/14/2023,649bc36fc7011f3740975eb8,360mm,Ingenious Store,51,84.99,84.99,1
B09JG5X1PY,Black,US,6/16/2023,649bc36fc7011f3740975eba,360mm,Ingenious Store,51,84.99,84.99,1
B09JG5X1PY,Black,US,1/7/2023,649bd3a3c7011f3740981904,360mm,Ingenious Store,51,85.99,85.99,1
B09JG5X1PY,Black,US,1/12/2023,649bd3a3c7011f3740981909,360mm,Ingenious Store,51,85.99,85.99,1
B09JG5X1PY,Black,US,1/18/2023,649bd3a3c7011f374098190f,360mm,Ingenious Store,51,85.99,85.99,1
B09JG5X1PY,Black,US,1/31/2023,649bd063c7011f374097f3ba,360mm,Ingenious Store,51,85.99,85.99,1
B09JG5X1PY,Black,US,2/21/2023,649bd063c7011f374097f3cf,360mm,Ingenious Store,51,89.99,89.99,1
B09JG5X1PY,Black,US,2/23/2023,649bd063c7011f374097f3d1,360mm,Ingenious Store,51,89.99,89.99,1
B09JG5X1PY,Black,US,2/25/2023,649bd063c7011f374097f3d3,360mm,Ingenious Store,51,89.99,89.99,1
B09JG5X1PY,Black,US,2/27/2023,649bd063c7011f374097f3d5,360mm,Ingenious Store,51,89.99,89.99,1
B09JG5X1PY,Black,US,3/3/2023,649bcd37c7011f374097ce77,360mm,Ingenious Store,51,89.99,89.99,1
B09JG5X1PY,Black,US,3/6/2023,649bcd37c7011f374097ce7a,360mm,Ingenious Store,51,89.99,89.99,1
B09JG5X1PY,Black,US,3/19/2023,649bcd37c7011f374097ce87,360mm,Ingenious Store,51,89.99,89.99,1
B09JG5X1PY,Black,US,3/25/2023,649bcd37c7011f374097ce8d,360mm,Ingenious Store,51,89.99,89.99,1
B09JG5X1PY,Black,US,3/26/2023,649bcd37c7011f374097ce8e,360mm,Ingenious Store,51,89.99,89.99,1
B09JG5X1PY,Black,US,3/28/2023,649bcd37c7011f374097ce90,360mm,Ingenious Store,51,89.99,89.99,1
B09JG5X1PY,Black,US,3/30/2023,649bca04c7011f374097a930,360mm,Ingenious Store,51,89.99,89.99,1
B09JG5X1PY,Black,US,3/31/2023,649bca04c7011f374097a931,360mm,Ingenious Store,51,89.99,89.99,1
B09JG5X1PY,Black,US,4/1/2023,649bca04c7011f374097a932,360mm,Ingenious Store,51,89.99,89.99,1
B09JG5X1PY,Black,US,4/2/2023,649bca04c7011f374097a933,360mm,Ingenious Store,51,89.99,89.99,1
B09JG5X1PY,Black,US,4/5/2023,649bca04c7011f374097a936,360mm,Ingenious Store,51,89.99,89.99,1
B09JG5X1PY,Black,US,4/7/2023,649bca04c7011f374097a938,360mm,Ingenious Store,51,89.99,89.99,1
B09JG5X1PY,Black,US,4/8/2023,649bca04c7011f374097a939,360mm,Ingenious Store,51,89.99,89.99,1
B09JG5X1PY,Black,US,4/10/2023,649bca04c7011f374097a93b,360mm,Ingenious Store,51,89.99,89.99,1
B09JG5X1PY,Black,US,4/11/2023,649bca04c7011f374097a93c,360mm,Ingenious Store,51,89.99,89.99,1
B09JG5X1PY,Black,US,4/12/2023,649bca04c7011f374097a93d,360mm,Ingenious Store,51,89.99,89.99,1
B09JG5X1PY,Black,US,4/18/2023,649bca04c7011f374097a943,360mm,Ingenious Store,51,89.99,89.99,1
B09JG5X1PY,Black,US,4/19/2023,649bca04c7011f374097a944,360mm,Ingenious Store,51,89.99,89.99,1
B09JG5X1PY,Black,US,4/21/2023,649bca04c7011f374097a946,360mm,Ingenious Store,51,89.99,89.99,1
B09JG5X1PY,Black,US,4/23/2023,649bca04c7011f374097a948,360mm,Ingenious Store,51,89.99,89.99,1
B09JG5X1PY,Black,US,4/29/2023,649bc6bdc7011f37409783ec,360mm,Ingenious Store,51,89.99,89.99,1
B09JG5X1PY,Black,US,5/8/2023,649bc6bdc7011f37409783f5,360mm,Ingenious Store,51,89.99,89.99,1
B09JG5X1PY,Black,US,5/11/2023,649bc6bdc7011f37409783f8,360mm,Ingenious Store,51,89.99,89.99,1
B09JG5X1PY,Black,US,5/14/2023,649bc6bdc7011f37409783fb,360mm,Ingenious Store,51,89.99,89.99,1
B09JG5X1PY,Black,US,5/18/2023,649bc6bdc7011f37409783ff,360mm,Ingenious Store,51,89.99,89.99,1
B09JG5X1PY,Black,US,5/19/2023,649bc6bdc7011f3740978400,360mm,Ingenious Store,51,89.99,89.99,1
B09JG4TTP2,Black,US,4/28/2023,649bca14c7011f374097aa01,240mm,Ingenious Store,41.1,69.99,139.98,2
B09JG4TTP2,Black,US,4/30/2023,649bc6cbc7011f37409784a1,240mm,Ingenious Store,41.1,69.99,139.98,2
B09JG4TTP2,Black,US,6/11/2023,649bc37fc7011f3740975f69,240mm,Ingenious Store,41.1,72.99,145.98,2
B09JG4TTP2,Black,US,5/2/2023,649bc6cbc7011f37409784a3,240mm,Ingenious Store,41.1,74.99,149.98,2
B09JG4TTP2,Black,US,5/6/2023,649bc6cbc7011f37409784a7,240mm,Ingenious Store,41.1,74.99,149.98,2
B09JG4TTP2,Black,US,5/8/2023,649bc6cbc7011f37409784a9,240mm,Ingenious Store,41.1,74.99,149.98,2
B09JG4TTP2,Black,US,5/29/2023,649bc37fc7011f3740975f5c,240mm,Ingenious Store,41.1,74.99,149.98,2
B09JG4TTP2,Black,US,12/23/2022,64427bf9dc352d950f443aa2,240mm,Ingenious Store,41.1,75.99,151.98,2
B09JG4TTP2,Black,US,12/25/2022,64427bf9dc352d950f443aa4,240mm,Ingenious Store,41.1,75.99,151.98,2
B09JG4TTP2,Black,US,12/26/2022,64427bf9dc352d950f443aa5,240mm,Ingenious Store,41.1,75.99,151.98,2
B09JG4TTP2,Black,US,12/28/2022,649967c295fc0c94f0528c0b,240mm,Ingenious Store,41.1,75.99,151.98,2
B09JG4TTP2,Black,US,1/17/2023,649bd3b3c7011f37409819c2,240mm,Ingenious Store,41.1,75.99,151.98,2
B09JG4TTP2,Black,US,1/28/2023,649bd3b3c7011f37409819cd,240mm,Ingenious Store,41.1,75.99,151.98,2
B09JG4TTP2,Black,US,2/19/2023,649bd073c7011f374097f481,240mm,Ingenious Store,41.1,75.99,151.98,2
B09JG4TTP2,Black,US,2/24/2023,649bd073c7011f374097f486,240mm,Ingenious Store,41.1,77.99,155.98,2
B09JG4TTP2,Black,US,2/25/2023,649bd073c7011f374097f487,240mm,Ingenious Store,41.1,79.99,159.98,2
B09JG4TTP2,Black,US,3/3/2023,649bcd46c7011f374097cf2b,240mm,Ingenious Store,41.1,79.99,159.98,2
B09JG4TTP2,Black,US,3/7/2023,649bcd46c7011f374097cf2f,240mm,Ingenious Store,41.1,79.99,159.98,2
B09JG4TTP2,Black,US,3/8/2023,649bcd46c7011f374097cf30,240mm,Ingenious Store,41.1,79.99,159.98,2
B09JG4TTP2,Black,US,3/13/2023,649bcd46c7011f374097cf35,240mm,Ingenious Store,41.1,79.99,159.98,2
B09JG59MGK,Black,US,12/3/2022,6442545fdc352d950f4381fc,120mm,Ingenious Store,31.1,52,104,2
B09JG59MGK,Black,US,2/5/2023,649bd070c7011f374097f455,120mm,Ingenious Store,31.1,52.99,105.98,2
B09JG59MGK,Black,US,1/29/2023,649bd070c7011f374097f44e,120mm,Ingenious Store,31.1,55.99,111.98,2
B09JG59MGK,Black,US,4/23/2023,649bca11c7011f374097a9de,120mm,Ingenious Store,31.1,56.99,113.98,2
B09JG59MGK,Black,US,4/24/2023,649bca11c7011f374097a9df,120mm,Ingenious Store,31.1,56.99,113.98,2
B09JG5X1PY,Black,US,5/1/2023,649bc6bdc7011f37409783ee,360mm,Ingenious Store,51,45,89.99,2
B09JG5X1PY,Black,US,2/15/2023,649bd063c7011f374097f3c9,360mm,Ingenious Store,51,82.99,165.98,2
B09JG5X1PY,Black,US,6/25/2023,649bc36fc7011f3740975ec3,360mm,Ingenious Store,51,84.99,169.98,2
B09JG5X1PY,Black,US,12/8/2022,6442544bdc352d950f43816b,360mm,Ingenious Store,51,85.99,171.98,2
B09JG5X1PY,Black,US,1/8/2023,649bd3a3c7011f3740981905,360mm,Ingenious Store,51,85.99,171.98,2
B09JG5X1PY,Black,US,2/1/2023,649bd063c7011f374097f3bb,360mm,Ingenious Store,51,85.99,171.98,2
B09JG5X1PY,Black,US,2/28/2023,649bcd37c7011f374097ce74,360mm,Ingenious Store,51,89.99,179.98,2
B09JG5X1PY,Black,US,3/2/2023,649bcd37c7011f374097ce76,360mm,Ingenious Store,51,89.99,179.98,2
B09JG5X1PY,Black,US,3/27/2023,649bcd37c7011f374097ce8f,360mm,Ingenious Store,51,89.99,179.98,2
B09JG5X1PY,Black,US,4/13/2023,649bca04c7011f374097a93e,360mm,Ingenious Store,51,89.99,179.98,2
B09JG5X1PY,Black,US,4/17/2023,649bca04c7011f374097a942,360mm,Ingenious Store,51,89.99,179.98,2
B09JG5X1PY,Black,US,4/22/2023,649bca04c7011f374097a947,360mm,Ingenious Store,51,89.99,179.98,2
B09JG5X1PY,Black,US,4/25/2023,649bca04c7011f374097a94a,360mm,Ingenious Store,51,89.99,179.98,2
B09JG5X1PY,Black,US,4/27/2023,649bca04c7011f374097a94c,360mm,Ingenious Store,51,89.99,179.98,2
B09JG5X1PY,Black,US,4/28/2023,649bca04c7011f374097a94d,360mm,Ingenious Store,51,89.99,179.98,2
B09JG5X1PY,Black,US,5/2/2023,649bc6bdc7011f37409783ef,360mm,Ingenious Store,51,89.99,179.98,2
B09JG5X1PY,Black,US,5/7/2023,649bc6bdc7011f37409783f4,360mm,Ingenious Store,51,89.99,179.98,2
B09JG4TTP2,Black,US,12/14/2022,64425462dc352d950f438225,240mm,Ingenious Store,41.1,68.99,206.97,3
B09JG4TTP2,Black,US,4/22/2023,649bca14c7011f374097a9fb,240mm,Ingenious Store,41.1,69.99,209.97,3
B09JG4TTP2,Black,US,4/27/2023,649bca14c7011f374097aa00,240mm,Ingenious Store,41.1,69.99,209.97,3
B09JG4TTP2,Black,US,5/1/2023,649bc6cbc7011f37409784a2,240mm,Ingenious Store,41.1,69.99,209.97,3
B09JG4TTP2,Black,US,12/27/2022,64427bf9dc352d950f443aa6,240mm,Ingenious Store,41.1,75.99,227.97,3
B09JG4TTP2,Black,US,1/2/2023,649bd3b3c7011f37409819b3,240mm,Ingenious Store,41.1,75.99,227.97,3
B09JG4TTP2,Black,US,1/6/2023,649bd3b3c7011f37409819b7,240mm,Ingenious Store,41.1,75.99,227.97,3
B09JG4TTP2,Black,US,2/16/2023,649bd073c7011f374097f47e,240mm,Ingenious Store,41.1,75.99,227.97,3
B09JG4TTP2,Black,US,2/28/2023,649bcd46c7011f374097cf28,240mm,Ingenious Store,41.1,79.99,239.97,3
B09JG4TTP2,Black,US,3/1/2023,649bcd46c7011f374097cf29,240mm,Ingenious Store,41.1,79.99,239.97,3
B09JG4TTP2,Black,US,3/2/2023,649bcd46c7011f374097cf2a,240mm,Ingenious Store,41.1,79.99,239.97,3
B09JG4TTP2,Black,US,3/11/2023,649bcd46c7011f374097cf33,240mm,Ingenious Store,41.1,79.99,239.97,3
B09JG4TTP2,Black,US,4/5/2023,649bca14c7011f374097a9ea,240mm,Ingenious Store,41.1,79.99,239.97,3
B09JG59MGK,Black,US,1/11/2023,649bd3b1c7011f374098199e,120mm,Ingenious Store,31.1,39.33,117.98,3
B09JG59MGK,Black,US,12/4/2022,6442545fdc352d950f4381fd,120mm,Ingenious Store,31.1,52,156,3
B09JG59MGK,Black,US,2/3/2023,649bd070c7011f374097f453,120mm,Ingenious Store,31.1,52.99,158.97,3
B09JG59MGK,Black,US,2/2/2023,649bd070c7011f374097f452,120mm,Ingenious Store,31.1,54.32,162.97,3
B09JG59MGK,Black,US,2/1/2023,649bd070c7011f374097f451,120mm,Ingenious Store,31.1,54.99,164.97,3
B09JG59MGK,Black,US,1/24/2023,649bd3b1c7011f37409819ab,120mm,Ingenious Store,31.1,55.99,167.97,3
B09JG59MGK,Black,US,3/18/2023,649bcd43c7011f374097cf1c,120mm,Ingenious Store,31.1,55.99,167.97,3
B09JG59MGK,Black,US,3/25/2023,649bcd43c7011f374097cf23,120mm,Ingenious Store,31.1,55.99,167.97,3
B09JG59MGK,Black,US,3/13/2023,649bcd43c7011f374097cf17,120mm,Ingenious Store,31.1,56.66,169.97,3
B09JG59MGK,Black,US,3/11/2023,649bcd43c7011f374097cf15,120mm,Ingenious Store,31.1,56.99,170.97,3
B09JG59MGK,Black,US,4/18/2023,649bca11c7011f374097a9d9,120mm,Ingenious Store,31.1,56.99,170.97,3
B09JG59MGK,Black,US,1/27/2023,649bd3b1c7011f37409819ae,120mm,Ingenious Store,31.1,58.99,176.97,3
B09JG59MGK,Black,US,5/2/2023,649bc6c9c7011f3740978485,120mm,Ingenious Store,31.1,59.99,179.97,3
B09JG59MGK,Black,US,6/6/2023,649bc37cc7011f3740975f46,120mm,Ingenious Store,31.1,59.99,179.97,3
B09JG59MGK,Black,US,6/15/2023,649bc37cc7011f3740975f4f,120mm,Ingenious Store,31.1,59.99,179.97,3
B09JG59MGK,Black,US,6/17/2023,649bc37cc7011f3740975f51,120mm,Ingenious Store,31.1,59.99,179.97,3
B09JG59MGK,Black,US,6/18/2023,649bc37cc7011f3740975f52,120mm,Ingenious Store,31.1,59.99,179.97,3
B09JG59MGK,Black,US,6/25/2023,649bc37cc7011f3740975f59,120mm,Ingenious Store,31.1,59.99,179.97,3
B09JG5X1PY,Black,US,2/19/2023,649bd063c7011f374097f3cd,360mm,Ingenious Store,51,82.99,248.97,3
B09JG5X1PY,Black,US,12/13/2022,6442544bdc352d950f438170,360mm,Ingenious Store,51,85.99,257.97,3
B09JG5X1PY,Black,US,12/14/2022,6442544bdc352d950f438171,360mm,Ingenious Store,51,85.99,257.97,3
B09JG5X1PY,Black,US,12/15/2022,6442544bdc352d950f438172,360mm,Ingenious Store,51,85.99,257.97,3
B09JG5X1PY,Black,US,2/22/2023,649bd063c7011f374097f3d0,360mm,Ingenious Store,51,89.99,269.97,3
B09JG5X1PY,Black,US,4/15/2023,649bca04c7011f374097a940,360mm,Ingenious Store,51,89.99,269.97,3
B09JG5X1PY,Black,US,4/20/2023,649bca04c7011f374097a945,360mm,Ingenious Store,51,89.99,269.97,3
B09JG4TTP2,Black,US,12/15/2022,64425462dc352d950f438226,240mm,Ingenious Store,41.1,68.99,275.96,4
B09JG4TTP2,Black,US,12/31/2022,649bd3b3c7011f37409819b1,240mm,Ingenious Store,41.1,75.99,303.96,4
B09JG4TTP2,Black,US,2/10/2023,649bd073c7011f374097f478,240mm,Ingenious Store,41.1,75.99,303.96,4
B09JG4TTP2,Black,US,3/5/2023,649bcd46c7011f374097cf2d,240mm,Ingenious Store,41.1,79.99,319.96,4
B09JG59MGK,Black,US,6/12/2023,649bc37cc7011f3740975f4c,120mm,Ingenious Store,31.1,44.99,179.97,4
B09JG59MGK,Black,US,2/4/2023,649bd070c7011f374097f454,120mm,Ingenious Store,31.1,52.99,211.96,4
B09JG59MGK,Black,US,1/15/2023,649bd3b1c7011f37409819a2,120mm,Ingenious Store,31.1,54.99,219.96,4
B09JG59MGK,Black,US,3/27/2023,649bcd43c7011f374097cf25,120mm,Ingenious Store,31.1,55.99,223.96,4
B09JG59MGK,Black,US,3/28/2023,649bcd43c7011f374097cf26,120mm,Ingenious Store,31.1,55.99,223.96,4
B09JG59MGK,Black,US,4/4/2023,649bca11c7011f374097a9cb,120mm,Ingenious Store,31.1,55.99,223.96,4
B09JG59MGK,Black,US,4/15/2023,649bca11c7011f374097a9d6,120mm,Ingenious Store,31.1,56.99,227.96,4
B09JG59MGK,Black,US,4/16/2023,649bca11c7011f374097a9d7,120mm,Ingenious Store,31.1,56.99,227.96,4
B09JG59MGK,Black,US,4/21/2023,649bca11c7011f374097a9dc,120mm,Ingenious Store,31.1,56.99,227.96,4
B09JG59MGK,Black,US,4/22/2023,649bca11c7011f374097a9dd,120mm,Ingenious Store,31.1,56.99,227.96,4
B09JG59MGK,Black,US,5/4/2023,649bc6c9c7011f3740978487,120mm,Ingenious Store,31.1,59.99,239.96,4
B09JG59MGK,Black,US,5/8/2023,649bc6c9c7011f374097848b,120mm,Ingenious Store,31.1,59.99,239.96,4
B09JG59MGK,Black,US,5/20/2023,649bc6c9c7011f3740978497,120mm,Ingenious Store,31.1,59.99,239.96,4
B09JG59MGK,Black,US,6/27/2023,649bc37cc7011f3740975f5b,120mm,Ingenious Store,31.1,59.99,239.96,4
B09JG5X1PY,Black,US,12/12/2022,6442544bdc352d950f43816f,360mm,Ingenious Store,51,85.99,343.96,4
B09JG5X1PY,Black,US,4/30/2023,649bc6bdc7011f37409783ed,360mm,Ingenious Store,51,89.99,359.96,4
B09JG4TTP2,Black,US,1/18/2023,649bd3b3c7011f37409819c3,240mm,Ingenious Store,41.1,75.99,379.95,5
B09JG4TTP2,Black,US,3/10/2023,649bcd46c7011f374097cf32,240mm,Ingenious Store,41.1,79.99,399.95,5
B09JG59MGK,Black,US,2/25/2023,649bd070c7011f374097f469,120mm,Ingenious Store,31.1,54.99,274.95,5
B09JG59MGK,Black,US,3/15/2023,649bcd43c7011f374097cf19,120mm,Ingenious Store,31.1,55.99,279.95,5
B09JG59MGK,Black,US,3/24/2023,649bcd43c7011f374097cf22,120mm,Ingenious Store,31.1,55.99,279.95,5
B09JG59MGK,Black,US,3/26/2023,649bcd43c7011f374097cf24,120mm,Ingenious Store,31.1,55.99,279.95,5
B09JG59MGK,Black,US,3/30/2023,649bca11c7011f374097a9c6,120mm,Ingenious Store,31.1,55.99,279.95,5
B09JG59MGK,Black,US,12/24/2022,64427bf6dc352d950f443a85,120mm,Ingenious Store,31.1,56.99,284.95,5
B09JG59MGK,Black,US,12/29/2022,649a821378eebbe0e4c531e7,120mm,Ingenious Store,31.1,56.99,284.95,5
B09JG59MGK,Black,US,12/31/2022,649bd3b1c7011f3740981993,120mm,Ingenious Store,31.1,56.99,284.95,5
B09JG59MGK,Black,US,1/1/2023,649bd3b1c7011f3740981994,120mm,Ingenious Store,31.1,56.99,284.95,5
B09JG59MGK,Black,US,1/4/2023,649bd3b1c7011f3740981997,120mm,Ingenious Store,31.1,56.99,284.95,5
B09JG59MGK,Black,US,1/9/2023,649bd3b1c7011f374098199c,120mm,Ingenious Store,31.1,56.99,284.95,5
B09JG59MGK,Black,US,3/12/2023,649bcd43c7011f374097cf16,120mm,Ingenious Store,31.1,56.99,284.95,5
B09JG59MGK,Black,US,6/2/2023,649bc37cc7011f3740975f42,120mm,Ingenious Store,31.1,57.99,289.95,5
B09JG59MGK,Black,US,6/4/2023,649bc37cc7011f3740975f44,120mm,Ingenious Store,31.1,58.79,293.95,5
B09JG59MGK,Black,US,5/7/2023,649bc6c9c7011f374097848a,120mm,Ingenious Store,31.1,59.99,299.95,5
B09JG59MGK,Black,US,5/13/2023,649bc6c9c7011f3740978490,120mm,Ingenious Store,31.1,59.99,299.95,5
B09JG59MGK,Black,US,5/16/2023,649bc6c9c7011f3740978493,120mm,Ingenious Store,31.1,59.99,299.95,5
B09JG59MGK,Black,US,5/19/2023,649bc6c9c7011f3740978496,120mm,Ingenious Store,31.1,59.99,299.95,5
B09JG59MGK,Black,US,6/8/2023,649bc37cc7011f3740975f48,120mm,Ingenious Store,31.1,59.99,299.95,5
B09JG59MGK,Black,US,6/23/2023,649bc37cc7011f3740975f57,120mm,Ingenious Store,31.1,59.99,299.95,5
B09JG59MGK,Black,US,5/1/2023,649bc6c9c7011f3740978484,120mm,Ingenious Store,31.1,62.39,311.95,5
B09JG5X1PY,Black,US,12/16/2022,6442544bdc352d950f438173,360mm,Ingenious Store,51,85.99,429.95,5
B09JG59MGK,Black,US,2/12/2023,649bd070c7011f374097f45c,120mm,Ingenious Store,31.1,44.16,264.95,6
B09JG59MGK,Black,US,2/7/2023,649bd070c7011f374097f457,120mm,Ingenious Store,31.1,52.99,317.94,6
B09JG59MGK,Black,US,1/12/2023,649bd3b1c7011f374098199f,120mm,Ingenious Store,31.1,54.99,329.94,6
B09JG59MGK,Black,US,1/18/2023,649bd3b1c7011f37409819a5,120mm,Ingenious Store,31.1,54.99,329.94,6
B09JG59MGK,Black,US,2/21/2023,649bd070c7011f374097f465,120mm,Ingenious Store,31.1,54.99,329.94,6
B09JG59MGK,Black,US,6/9/2023,649bc37cc7011f3740975f49,120mm,Ingenious Store,31.1,55.82,334.94,6
B09JG59MGK,Black,US,3/14/2023,649bcd43c7011f374097cf18,120mm,Ingenious Store,31.1,55.99,335.94,6
B09JG59MGK,Black,US,12/28/2022,649967bf95fc0c94f0528bed,120mm,Ingenious Store,31.1,56.99,341.94,6
B09JG59MGK,Black,US,1/8/2023,649bd3b1c7011f374098199b,120mm,Ingenious Store,31.1,56.99,341.94,6
B09JG59MGK,Black,US,5/30/2023,649bc37cc7011f3740975f3f,120mm,Ingenious Store,31.1,62.99,377.94,6
B09JG59MGK,Black,US,4/19/2023,649bca11c7011f374097a9da,120mm,Ingenious Store,31.1,48.85,341.94,7
B09JG59MGK,Black,US,2/14/2023,649bd070c7011f374097f45e,120mm,Ingenious Store,31.1,50.14,350.98,7
B09JG59MGK,Black,US,2/15/2023,649bd070c7011f374097f45f,120mm,Ingenious Store,31.1,50.14,350.98,7
B09JG59MGK,Black,US,2/16/2023,649bd070c7011f374097f460,120mm,Ingenious Store,31.1,50.14,350.98,7
B09JG59MGK,Black,US,2/20/2023,649bd070c7011f374097f464,120mm,Ingenious Store,31.1,54.3,380.08,7
B09JG59MGK,Black,US,2/22/2023,649bd070c7011f374097f466,120mm,Ingenious Store,31.1,54.99,384.93,7
B09JG59MGK,Black,US,1/22/2023,649bd3b1c7011f37409819a9,120mm,Ingenious Store,31.1,55.99,391.93,7
B09JG59MGK,Black,US,3/16/2023,649bcd43c7011f374097cf1a,120mm,Ingenious Store,31.1,55.99,391.93,7
B09JG59MGK,Black,US,3/17/2023,649bcd43c7011f374097cf1b,120mm,Ingenious Store,31.1,55.99,391.93,7
B09JG59MGK,Black,US,1/20/2023,649bd3b1c7011f37409819a7,120mm,Ingenious Store,31.1,56.42,394.93,7
B09JG59MGK,Black,US,12/30/2022,649bd3b1c7011f3740981992,120mm,Ingenious Store,31.1,56.99,398.93,7
B09JG59MGK,Black,US,1/6/2023,649bd3b1c7011f3740981999,120mm,Ingenious Store,31.1,56.99,398.93,7
B09JG59MGK,Black,US,1/7/2023,649bd3b1c7011f374098199a,120mm,Ingenious Store,31.1,56.99,398.93,7
B09JG59MGK,Black,US,5/9/2023,649bc6c9c7011f374097848c,120mm,Ingenious Store,31.1,59.99,419.93,7
B09JG59MGK,Black,US,5/24/2023,649bc6c9c7011f374097849b,120mm,Ingenious Store,31.1,59.99,419.93,7
B09JG59MGK,Black,US,6/11/2023,649bc37cc7011f3740975f4b,120mm,Ingenious Store,31.1,59.99,419.93,7
B09JG59MGK,Black,US,6/14/2023,649bc37cc7011f3740975f4e,120mm,Ingenious Store,31.1,59.99,419.93,7
B09JG59MGK,Black,US,3/8/2023,649bcd43c7011f374097cf12,120mm,Ingenious Store,31.1,48.12,384.93,8
B09JG59MGK,Black,US,12/10/2022,6442545fdc352d950f438203,120mm,Ingenious Store,31.1,48.37,386.93,8
B09JG59MGK,Black,US,3/22/2023,649bcd43c7011f374097cf20,120mm,Ingenious Store,31.1,48.99,391.93,8
B09JG59MGK,Black,US,2/13/2023,649bd070c7011f374097f45d,120mm,Ingenious Store,31.1,50.14,401.12,8
B09JG59MGK,Black,US,2/17/2023,649bd070c7011f374097f461,120mm,Ingenious Store,31.1,50.14,401.12,8
B09JG59MGK,Black,US,2/10/2023,649bd070c7011f374097f45a,120mm,Ingenious Store,31.1,52.99,423.92,8
B09JG59MGK,Black,US,12/8/2022,6442545fdc352d950f438201,120mm,Ingenious Store,31.1,54.99,439.92,8
B09JG59MGK,Black,US,12/9/2022,6442545fdc352d950f438202,120mm,Ingenious Store,31.1,54.99,439.92,8
B09JG59MGK,Black,US,1/17/2023,649bd3b1c7011f37409819a4,120mm,Ingenious Store,31.1,54.99,439.92,8
B09JG59MGK,Black,US,1/19/2023,649bd3b1c7011f37409819a6,120mm,Ingenious Store,31.1,54.99,439.92,8
B09JG59MGK,Black,US,2/26/2023,649bd070c7011f374097f46a,120mm,Ingenious Store,31.1,54.99,439.92,8
B09JG59MGK,Black,US,2/27/2023,649bd070c7011f374097f46b,120mm,Ingenious Store,31.1,54.99,439.92,8
B09JG59MGK,Black,US,1/26/2023,649bd3b1c7011f37409819ad,120mm,Ingenious Store,31.1,55.99,447.92,8
B09JG59MGK,Black,US,3/19/2023,649bcd43c7011f374097cf1d,120mm,Ingenious Store,31.1,55.99,447.92,8
B09JG59MGK,Black,US,3/20/2023,649bcd43c7011f374097cf1e,120mm,Ingenious Store,31.1,55.99,447.92,8
B09JG59MGK,Black,US,4/1/2023,649bca11c7011f374097a9c8,120mm,Ingenious Store,31.1,55.99,447.92,8
B09JG59MGK,Black,US,4/7/2023,649bca11c7011f374097a9ce,120mm,Ingenious Store,31.1,55.99,447.92,8
B09JG59MGK,Black,US,12/16/2022,6442545fdc352d950f438209,120mm,Ingenious Store,31.1,56.99,455.92,8
B09JG59MGK,Black,US,6/1/2023,649bc37cc7011f3740975f41,120mm,Ingenious Store,31.1,57.99,463.92,8
B09JG59MGK,Black,US,5/31/2023,649bc37cc7011f3740975f40,120mm,Ingenious Store,31.1,58.62,468.92,8
B09JG59MGK,Black,US,5/21/2023,649bc6c9c7011f3740978498,120mm,Ingenious Store,31.1,59.99,479.92,8
B09JG59MGK,Black,US,5/25/2023,649bc6c9c7011f374097849c,120mm,Ingenious Store,31.1,59.99,479.92,8
B09JG59MGK,Black,US,5/28/2023,649bc6c9c7011f374097849f,120mm,Ingenious Store,31.1,59.99,479.92,8
B09JG59MGK,Black,US,6/5/2023,649bc37cc7011f3740975f45,120mm,Ingenious Store,31.1,59.99,479.92,8
B09JG59MGK,Black,US,6/10/2023,649bc37cc7011f3740975f4a,120mm,Ingenious Store,31.1,59.99,479.92,8
B09JG59MGK,Black,US,6/22/2023,649bc37cc7011f3740975f56,120mm,Ingenious Store,31.1,59.99,479.92,8
B09JG59MGK,Black,US,6/26/2023,649bc37cc7011f3740975f5a,120mm,Ingenious Store,31.1,59.99,479.92,8
B09JG59MGK,Black,US,2/19/2023,649bd070c7011f374097f463,120mm,Ingenious Store,31.1,50.14,451.26,9
B09JG59MGK,Black,US,2/11/2023,649bd070c7011f374097f45b,120mm,Ingenious Store,31.1,52.99,476.91,9
B09JG59MGK,Black,US,3/5/2023,649bcd43c7011f374097cf0f,120mm,Ingenious Store,31.1,54.99,494.91,9
B09JG59MGK,Black,US,3/9/2023,649bcd43c7011f374097cf13,120mm,Ingenious Store,31.1,54.99,494.91,9
B09JG59MGK,Black,US,1/31/2023,649bd070c7011f374097f450,120mm,Ingenious Store,31.1,55.21,496.91,9
B09JG59MGK,Black,US,3/23/2023,649bcd43c7011f374097cf21,120mm,Ingenious Store,31.1,55.99,503.91,9
B09JG59MGK,Black,US,4/2/2023,649bca11c7011f374097a9c9,120mm,Ingenious Store,31.1,55.99,503.91,9
B09JG59MGK,Black,US,12/14/2022,6442545fdc352d950f438207,120mm,Ingenious Store,31.1,56.99,512.91,9
B09JG59MGK,Black,US,12/23/2022,64427bf6dc352d950f443a84,120mm,Ingenious Store,31.1,56.99,512.91,9
B09JG59MGK,Black,US,12/25/2022,64427bf6dc352d950f443a86,120mm,Ingenious Store,31.1,56.99,512.91,9
B09JG59MGK,Black,US,6/3/2023,649bc37cc7011f3740975f43,120mm,Ingenious Store,31.1,57.99,521.91,9
B09JG59MGK,Black,US,5/18/2023,649bc6c9c7011f3740978495,120mm,Ingenious Store,31.1,59.99,539.91,9
B09JG59MGK,Black,US,5/23/2023,649bc6c9c7011f374097849a,120mm,Ingenious Store,31.1,59.99,539.91,9
B09JG59MGK,Black,US,6/20/2023,649bc37cc7011f3740975f54,120mm,Ingenious Store,31.1,59.99,539.91,9
B09JG59MGK,Black,US,6/24/2023,649bc37cc7011f3740975f58,120mm,Ingenious Store,31.1,59.99,539.91,9
B09JG59MGK,Black,US,3/4/2023,649bcd43c7011f374097cf0e,120mm,Ingenious Store,31.1,49.49,494.91,10
B09JG59MGK,Black,US,12/21/2022,6442545fdc352d950f43820e,120mm,Ingenious Store,31.1,51.29,512.91,10
B09JG59MGK,Black,US,2/8/2023,649bd070c7011f374097f458,120mm,Ingenious Store,31.1,52.99,529.9,10
B09JG59MGK,Black,US,12/6/2022,6442545fdc352d950f4381ff,120mm,Ingenious Store,31.1,53.79,537.9,10
B09JG59MGK,Black,US,1/14/2023,649bd3b1c7011f37409819a1,120mm,Ingenious Store,31.1,54.99,549.9,10
B09JG59MGK,Black,US,3/7/2023,649bcd43c7011f374097cf11,120mm,Ingenious Store,31.1,54.99,549.9,10
B09JG59MGK,Black,US,3/21/2023,649bcd43c7011f374097cf1f,120mm,Ingenious Store,31.1,55.99,559.9,10
B09JG59MGK,Black,US,12/12/2022,6442545fdc352d950f438205,120mm,Ingenious Store,31.1,56.99,569.9,10
B09JG59MGK,Black,US,12/22/2022,64427bf6dc352d950f443a83,120mm,Ingenious Store,31.1,56.99,569.9,10
B09JG59MGK,Black,US,1/3/2023,649bd3b1c7011f3740981996,120mm,Ingenious Store,31.1,56.99,569.9,10
B09JG59MGK,Black,US,4/17/2023,649bca11c7011f374097a9d8,120mm,Ingenious Store,31.1,56.99,569.9,10
B09JG59MGK,Black,US,5/10/2023,649bc6c9c7011f374097848d,120mm,Ingenious Store,31.1,59.99,599.9,10
B09JG59MGK,Black,US,5/15/2023,649bc6c9c7011f3740978492,120mm,Ingenious Store,31.1,59.99,599.9,10
B09JG59MGK,Black,US,6/13/2023,649bc37cc7011f3740975f4d,120mm,Ingenious Store,31.1,59.99,599.9,10
B09JG59MGK,Black,US,4/8/2023,649bca11c7011f374097a9cf,120mm,Ingenious Store,31.1,50.9,559.9,11
B09JG59MGK,Black,US,1/13/2023,649bd3b1c7011f37409819a0,120mm,Ingenious Store,31.1,54.99,604.89,11
B09JG59MGK,Black,US,2/23/2023,649bd070c7011f374097f467,120mm,Ingenious Store,31.1,54.99,604.89,11
B09JG59MGK,Black,US,2/24/2023,649bd070c7011f374097f468,120mm,Ingenious Store,31.1,54.99,604.89,11
B09JG59MGK,Black,US,2/28/2023,649bcd43c7011f374097cf0a,120mm,Ingenious Store,31.1,54.99,604.89,11
B09JG59MGK,Black,US,3/2/2023,649bcd43c7011f374097cf0c,120mm,Ingenious Store,31.1,54.99,604.89,11
B09JG59MGK,Black,US,3/6/2023,649bcd43c7011f374097cf10,120mm,Ingenious Store,31.1,54.99,604.89,11
B09JG59MGK,Black,US,1/25/2023,649bd3b1c7011f37409819ac,120mm,Ingenious Store,31.1,55.99,615.89,11
B09JG59MGK,Black,US,3/31/2023,649bca11c7011f374097a9c7,120mm,Ingenious Store,31.1,55.99,615.89,11
B09JG59MGK,Black,US,12/18/2022,6442545fdc352d950f43820b,120mm,Ingenious Store,31.1,56.99,626.89,11
B09JG59MGK,Black,US,12/20/2022,6442545fdc352d950f43820d,120mm,Ingenious Store,31.1,56.99,626.89,11
B09JG59MGK,Black,US,1/2/2023,649bd3b1c7011f3740981995,120mm,Ingenious Store,31.1,56.99,626.89,11
B09JG59MGK,Black,US,5/6/2023,649bc6c9c7011f3740978489,120mm,Ingenious Store,31.1,59.99,659.89,11
B09JG59MGK,Black,US,6/16/2023,649bc37cc7011f3740975f50,120mm,Ingenious Store,31.1,59.99,659.89,11
B09JG59MGK,Black,US,6/19/2023,649bc37cc7011f3740975f53,120mm,Ingenious Store,31.1,59.99,659.89,11
B09JG59MGK,Black,US,12/7/2022,6442545fdc352d950f438200,120mm,Ingenious Store,31.1,54.99,659.88,12
B09JG59MGK,Black,US,4/11/2023,649bca11c7011f374097a9d2,120mm,Ingenious Store,31.1,55.99,671.88,12
B09JG59MGK,Black,US,4/12/2023,649bca11c7011f374097a9d3,120mm,Ingenious Store,31.1,55.99,671.88,12
B09JG59MGK,Black,US,1/5/2023,649bd3b1c7011f3740981998,120mm,Ingenious Store,31.1,56.99,683.88,12
B09JG59MGK,Black,US,4/13/2023,649bca11c7011f374097a9d4,120mm,Ingenious Store,31.1,56.99,683.88,12
B09JG59MGK,Black,US,4/25/2023,649bca11c7011f374097a9e0,120mm,Ingenious Store,31.1,56.99,683.88,12
B09JG59MGK,Black,US,5/5/2023,649bc6c9c7011f3740978488,120mm,Ingenious Store,31.1,59.99,719.88,12
B09JG59MGK,Black,US,5/12/2023,649bc6c9c7011f374097848f,120mm,Ingenious Store,31.1,59.99,719.88,12
B09JG59MGK,Black,US,6/7/2023,649bc37cc7011f3740975f47,120mm,Ingenious Store,31.1,59.99,719.88,12
B09JG59MGK,Black,US,6/21/2023,649bc37cc7011f3740975f55,120mm,Ingenious Store,31.1,59.99,719.88,12
B09JG59MGK,Black,US,2/18/2023,649bd070c7011f374097f462,120mm,Ingenious Store,31.1,50.14,651.82,13
B09JG59MGK,Black,US,1/16/2023,649bd3b1c7011f37409819a3,120mm,Ingenious Store,31.1,54.99,714.87,13
B09JG59MGK,Black,US,3/29/2023,649bcd43c7011f374097cf27,120mm,Ingenious Store,31.1,55.99,727.87,13
B09JG59MGK,Black,US,12/11/2022,6442545fdc352d950f438204,120mm,Ingenious Store,31.1,56.99,740.87,13
B09JG59MGK,Black,US,12/17/2022,6442545fdc352d950f43820a,120mm,Ingenious Store,31.1,56.99,740.87,13
B09JG59MGK,Black,US,12/27/2022,64427bf6dc352d950f443a88,120mm,Ingenious Store,31.1,56.99,740.87,13
B09JG59MGK,Black,US,4/20/2023,649bca11c7011f374097a9db,120mm,Ingenious Store,31.1,56.99,740.87,13
B09JG59MGK,Black,US,5/22/2023,649bc6c9c7011f3740978499,120mm,Ingenious Store,31.1,59.99,779.87,13
B09JG59MGK,Black,US,5/26/2023,649bc6c9c7011f374097849d,120mm,Ingenious Store,31.1,59.99,779.87,13
B09JG59MGK,Black,US,12/13/2022,6442545fdc352d950f438206,120mm,Ingenious Store,31.1,56.99,797.86,14
B09JG59MGK,Black,US,12/19/2022,6442545fdc352d950f43820c,120mm,Ingenious Store,31.1,56.99,797.86,14
B09JG59MGK,Black,US,12/26/2022,64427bf6dc352d950f443a87,120mm,Ingenious Store,31.1,56.99,797.86,14
B09JG59MGK,Black,US,5/27/2023,649bc6c9c7011f374097849e,120mm,Ingenious Store,31.1,59.99,839.86,14
B09JG59MGK,Black,US,3/1/2023,649bcd43c7011f374097cf0b,120mm,Ingenious Store,31.1,51.32,769.86,15
B09JG59MGK,Black,US,4/9/2023,649bca11c7011f374097a9d0,120mm,Ingenious Store,31.1,55.99,839.85,15
B09JG59MGK,Black,US,5/17/2023,649bc6c9c7011f3740978494,120mm,Ingenious Store,31.1,55.99,839.86,15
B09JG59MGK,Black,US,2/6/2023,649bd070c7011f374097f456,120mm,Ingenious Store,31.1,52.99,847.84,16
B09JG59MGK,Black,US,2/9/2023,649bd070c7011f374097f459,120mm,Ingenious Store,31.1,52.99,847.84,16
B09JG59MGK,Black,US,3/3/2023,649bcd43c7011f374097cf0d,120mm,Ingenious Store,31.1,54.99,879.84,16
B09JG59MGK,Black,US,5/14/2023,649bc6c9c7011f3740978491,120mm,Ingenious Store,31.1,59.99,959.84,16
B09JG59MGK,Black,US,5/3/2023,649bc6c9c7011f3740978486,120mm,Ingenious Store,31.1,59.99,1019.83,17
B09JG59MGK,Black,US,4/5/2023,649bca11c7011f374097a9cc,120mm,Ingenious Store,31.1,55.99,1007.82,18
B09JG59MGK,Black,US,5/29/2023,649bc37cc7011f3740975f3e,120mm,Ingenious Store,31.1,59.99,1079.82,18
B09JG59MGK,Black,US,3/10/2023,649bcd43c7011f374097cf14,120mm,Ingenious Store,31.1,55.08,1211.78,22
B09JG59MGK,Black,US,4/10/2023,649bca11c7011f374097a9d1,120mm,Ingenious Store,31.1,55.99,1231.78,22
B09JG59MGK,Black,US,4/3/2023,649bca11c7011f374097a9ca,120mm,Ingenious Store,31.1,55.99,1287.77,23
B09JG59MGK,Black,US,12/15/2022,6442545fdc352d950f438208,120mm,Ingenious Store,31.1,56.99,1367.76,24
B09JG59MGK,Black,US,4/14/2023,649bca11c7011f374097a9d5,120mm,Ingenious Store,31.1,56.99,1538.73,27
B09JG59MGK,Black,US,5/11/2023,649bc6c9c7011f374097848e,120mm,Ingenious Store,31.1,59.99,1679.72,28
B09JG59MGK,Black,US,4/6/2023,649bca11c7011f374097a9cd,120mm,Ingenious Store,31.1,55.99,1623.71,29
B09JG59MGK,Black,CA,3/30/2023,649bc904c7011f3740979d5a,120mm,Ingenious Store,31.1,60.7392,60.7392,1
B09JG59MGK,Black,CA,4/3/2023,649bc904c7011f3740979d5e,120mm,Ingenious Store,31.1,60.7392,60.7392,1
B09JG59MGK,Black,CA,4/5/2023,649bc904c7011f3740979d60,120mm,Ingenious Store,31.1,60.7392,60.7392,1
B09JG59MGK,Black,DE,7/7/2022,63d06fd7dba2fe37f04a034b,120mm,Dracaena Store,31.1,56.6691,56.6691,1
B09JG59MGK,Black,DE,7/25/2022,63d06fd7dba2fe37f04a035d,120mm,Dracaena Store,31.1,56.6691,56.6691,1
B09JG59MGK,Black,DE,7/27/2022,63d03888dba2fe37f0432c5b,120mm,Dracaena Store,31.1,60.5604,60.5604,1
B09JG59MGK,Black,DE,8/5/2022,63d03888dba2fe37f0432c64,120mm,Dracaena Store,31.1,61.0509,61.0509,1
B09JG59MGK,Black,DE,8/6/2022,63d03888dba2fe37f0432c65,120mm,Dracaena Store,31.1,61.0509,61.0509,1
B09JG59MGK,Black,DE,8/10/2022,63d03888dba2fe37f0432c69,120mm,Dracaena Store,31.1,61.0509,61.0509,1
B09JG59MGK,Black,GB,6/29/2022,63d06ab4dba2fe37f0494dbd,120mm,Dracaena Store,31.1,66.0273,66.0273,1
B09JG59MGK,Black,US,12/25/2021,63d18651dba2fe37f0697cd1,120mm,Dracaena Store,31.1,45,45,1
B09JG59MGK,Black,US,12/27/2021,63d18651dba2fe37f0697cd3,120mm,Dracaena Store,31.1,45,45,1
B09JG59MGK,Black,US,12/28/2021,63d18651dba2fe37f0697cd4,120mm,Dracaena Store,31.1,45,45,1
B09JG59MGK,Black,US,12/6/2021,63d18651dba2fe37f0697cbe,120mm,Dracaena Store,31.1,45.99,45.99,1
B09JG59MGK,Black,US,12/7/2021,63d18651dba2fe37f0697cbf,120mm,Dracaena Store,31.1,45.99,45.99,1
B09JG59MGK,Black,US,12/8/2021,63d18651dba2fe37f0697cc0,120mm,Dracaena Store,31.1,45.99,45.99,1
B09JG59MGK,Black,US,12/12/2021,63d18651dba2fe37f0697cc4,120mm,Dracaena Store,31.1,45.99,45.99,1
B09JG59MGK,Black,US,12/14/2021,63d18651dba2fe37f0697cc6,120mm,Dracaena Store,31.1,45.99,45.99,1
B09JG59MGK,Black,US,12/15/2021,63d18651dba2fe37f0697cc7,120mm,Dracaena Store,31.1,45.99,45.99,1
B09JG4TTP2,Black,US,12/27/2021,63d185efdba2fe37f0697157,240mm,Dracaena Store,41.1,65,65,1
B09JG4TTP2,Black,US,12/28/2021,63d185efdba2fe37f0697158,240mm,Dracaena Store,41.1,65,65,1
B09JG4TTP2,Black,US,12/14/2021,63d185efdba2fe37f069714a,240mm,Dracaena Store,41.1,65.99,65.99,1
B09JG4TTP2,Black,US,12/17/2021,63d185efdba2fe37f069714d,240mm,Dracaena Store,41.1,65.99,65.99,1
B09JG59MGK,Black,US,12/26/2021,63d18651dba2fe37f0697cd2,120mm,Dracaena Store,31.1,45,90,2
B09JG59MGK,Black,US,12/22/2021,63d18651dba2fe37f0697cce,120mm,Dracaena Store,31.1,45.99,91.98,2
B09JG4TTP2,Black,US,12/25/2021,63d185efdba2fe37f0697155,240mm,Dracaena Store,41.1,65,130,2
B09JG59MGK,Black,AU,9/18/2022,63ed1d1cb65d634d696b7fb0,120mm,Dracaena Store,31.1,60.97,60.97,1
B09JG59MGK,Black,US,6/3/2022,63d4b8d7dba2fe37f0b2346d,120mm,Dracaena Store,31.1,49.99,49.99,1
B09JG59MGK,Black,US,6/4/2022,63d4b8d7dba2fe37f0b2346e,120mm,Dracaena Store,31.1,49.99,49.99,1
B09JG59MGK,Black,US,6/6/2022,63d4b8d7dba2fe37f0b23470,120mm,Dracaena Store,31.1,49.99,49.99,1
B09JG59MGK,Black,US,6/9/2022,63d4b8d7dba2fe37f0b23473,120mm,Dracaena Store,31.1,49.99,49.99,1
B09JG59MGK,Black,US,6/11/2022,63d4b8d7dba2fe37f0b23475,120mm,Dracaena Store,31.1,49.99,49.99,1
B09JG59MGK,Black,US,6/12/2022,63d4b8d7dba2fe37f0b23476,120mm,Dracaena Store,31.1,49.99,49.99,1
B09JG59MGK,Black,US,6/14/2022,63d4b8d7dba2fe37f0b23478,120mm,Dracaena Store,31.1,49.99,49.99,1
B09JG59MGK,Black,US,9/9/2022,63d81ad2e561b5a4b69bb5c9,120mm,Dracaena Store,31.1,52,52,1
B09JG4TTP2,Black,US,6/6/2022,63d4b730dba2fe37f0b22372,240mm,Dracaena Store,41.1,56.99,56.99,1
B09JG4TTP2,Black,US,6/7/2022,63d4b730dba2fe37f0b22373,240mm,Dracaena Store,41.1,56.99,56.99,1
B09JG4TTP2,Black,US,6/12/2022,63d4b730dba2fe37f0b22378,240mm,Dracaena Store,41.1,56.99,56.99,1
B09JG4TTP2,Black,US,6/15/2022,63d4b730dba2fe37f0b2237b,240mm,Dracaena Store,41.1,56.99,56.99,1
B09JG4TTP2,Black,US,6/19/2022,63d4b730dba2fe37f0b2237f,240mm,Dracaena Store,41.1,69,69,1
B09JG4TTP2,Black,US,6/21/2022,63d4b730dba2fe37f0b22381,240mm,Dracaena Store,41.1,69,69,1
B09JG4TTP2,Black,US,6/26/2022,63d4b730dba2fe37f0b22386,240mm,Dracaena Store,41.1,69,69,1
B09JG4TTP2,Black,US,6/28/2022,63d4b730dba2fe37f0b22388,240mm,Dracaena Store,41.1,69,69,1
B09JG5X1PY,Black,US,9/7/2022,63d81a6ce561b5a4b69bb063,360mm,Dracaena Store,51,86,86,1
B09JG5X1PY,Black,US,6/2/2022,63d4b741dba2fe37f0b223aa,360mm,Dracaena Store,51,86.99,86.99,1
B09JG5X1PY,Black,US,6/23/2022,63d4b741dba2fe37f0b223bf,360mm,Dracaena Store,51,86.99,86.99,1
B09JG5X1PY,Black,US,6/29/2022,63d4b741dba2fe37f0b223c5,360mm,Dracaena Store,51,86.99,86.99,1
B09JG59MGK,Black,US,6/2/2022,63d4b8d7dba2fe37f0b2346c,120mm,Dracaena Store,31.1,25,49.99,2
B09JG59MGK,Black,US,6/1/2022,63d4b8d7dba2fe37f0b2346b,120mm,Dracaena Store,31.1,49.99,99.98,2
B09JG59MGK,Black,US,6/7/2022,63d4b8d7dba2fe37f0b23471,120mm,Dracaena Store,31.1,49.99,99.98,2
B09JG59MGK,Black,US,6/10/2022,63d4b8d7dba2fe37f0b23474,120mm,Dracaena Store,31.1,49.99,99.98,2
B09JG59MGK,Black,US,6/13/2022,63d4b8d7dba2fe37f0b23477,120mm,Dracaena Store,31.1,49.99,99.98,2
B09JG59MGK,Black,US,6/19/2022,63d4b8d7dba2fe37f0b2347d,120mm,Dracaena Store,31.1,51.99,103.98,2
B09JG59MGK,Black,US,6/20/2022,63d4b8d7dba2fe37f0b2347e,120mm,Dracaena Store,31.1,51.99,103.98,2
B09JG59MGK,Black,US,6/22/2022,63d4b8d7dba2fe37f0b23480,120mm,Dracaena Store,31.1,51.99,103.98,2
B09JG59MGK,Black,US,6/23/2022,63d4b8d7dba2fe37f0b23481,120mm,Dracaena Store,31.1,51.99,103.98,2
B09JG59MGK,Black,US,6/28/2022,63d4b8d7dba2fe37f0b23486,120mm,Dracaena Store,31.1,51.99,103.98,2
B09JG4TTP2,Black,US,6/11/2022,63d4b730dba2fe37f0b22377,240mm,Dracaena Store,41.1,56.99,113.98,2
B09JG59MGK,Black,US,6/21/2022,63d4b8d7dba2fe37f0b2347f,120mm,Dracaena Store,31.1,51.99,155.97,3
B09JG59MGK,Black,US,6/25/2022,63d4b8d7dba2fe37f0b23483,120mm,Dracaena Store,31.1,51.99,155.97,3
B09JG59MGK,Black,US,6/26/2022,63d4b8d7dba2fe37f0b23484,120mm,Dracaena Store,31.1,51.99,155.97,3
B09JG59MGK,Black,US,6/29/2022,63d4b8d7dba2fe37f0b23487,120mm,Dracaena Store,31.1,51.99,155.97,3
B09JG4TTP2,Black,US,6/13/2022,63d4b730dba2fe37f0b22379,240mm,Dracaena Store,41.1,56.99,170.97,3
B09JG4TTP2,Black,US,6/17/2022,63d4b730dba2fe37f0b2237d,240mm,Dracaena Store,41.1,56.99,170.97,3
B09JG59MGK,Black,US,6/18/2022,63d4b8d7dba2fe37f0b2347c,120mm,Dracaena Store,31.1,51.99,207.96,4
B09JG59MGK,Black,US,6/27/2022,63d4b8d7dba2fe37f0b23485,120mm,Dracaena Store,31.1,51.99,207.96,4
B09JG59MGK,Black,US,6/30/2022,63d4b8d7dba2fe37f0b23488,120mm,Dracaena Store,31.1,51.99,207.96,4
B09JG59MGK,Black,US,6/24/2022,63d4b8d7dba2fe37f0b23482,120mm,Dracaena Store,31.1,51.99,259.95,5
B09JG59MGK,Black,US,6/15/2022,63d4b8d7dba2fe37f0b23479,120mm,Dracaena Store,31.1,49.99,299.94,6
B09JG4TTP2,Black,CA,9/19/2022,63eb02cab65d634d6946328e,240mm,Dracaena Store,41.1,60.04,60.04,1
B09JG4TTP2,Black,CA,9/23/2022,63f25997ea61057102240cef,240mm,Dracaena Store,41.1,60.04,60.04,1
B09JG59MGK,Black,JP,9/3/2022,63d8b4a115f0dd999069e679,120mm,Dracaena Store,31.1,55.993,55.993,1
B09JG59MGK,Black,JP,9/2/2022,63d7aca2e561b5a4b697f4d2,120mm,Dracaena Store,31.1,55.993,111.986,2
B09JG59MGK,Black,CA,11/16/2022,6436b832334b3086ad0b9075,120mm,Dracaena Store,31.1,52.44,52.44,1
B09JG59MGK,Black,CA,11/19/2022,643f2ae1c0c3edd418dd2aa5,120mm,Dracaena Store,31.1,52.44,52.44,1
B09JG4TTP2,Black,CA,9/9/2022,63d80b2ae561b5a4b69b18df,240mm,Dracaena Store,41.1,60.04,60.04,1
B09JG59MGK,Black,DE,10/1/2022,63fbc75d6b5148a5754fc84a,120mm,Dracaena Store,31.1,61.0509,61.0509,1
B09JG59MGK,Black,DE,10/24/2022,6411b8f21bb907e3939c5b17,120mm,Dracaena Store,31.1,61.0509,61.0509,1
B09JG59MGK,Black,DE,10/25/2022,6411b8f21bb907e3939c5b18,120mm,Dracaena Store,31.1,61.0509,61.0509,1
B09JG59MGK,Black,DE,10/28/2022,642283cb8c830bbda3abf367,120mm,Dracaena Store,31.1,61.0509,61.0509,1
B09JG59MGK,Black,DE,11/10/2022,64325c842573fba749d0b479,120mm,Dracaena Store,31.1,61.0509,61.0509,1
B09JG59MGK,Black,DE,11/18/2022,64325c842573fba749d0b481,120mm,Dracaena Store,31.1,61.0509,61.0509,1
B09JG59MGK,Black,DE,10/12/2022,640d8d551bb907e39356c904,120mm,Dracaena Store,31.1,61.5632,61.5632,1
B09JG59MGK,Black,DE,11/12/2022,64325c842573fba749d0b47b,120mm,Dracaena Store,31.1,61.5632,61.5632,1
B09JG4TTP2,Black,DE,10/5/2022,63fbc8316b5148a5754fd898,240mm,Dracaena Store,41.1,65.4,65.4,1
B09JG4TTP2,Black,DE,10/25/2022,6411b9d61bb907e3939c65fe,240mm,Dracaena Store,41.1,65.4,65.4,1
B09JG4TTP2,Black,DE,11/18/2022,64325d602573fba749d0c95d,240mm,Dracaena Store,41.1,65.4,65.4,1
B09JG5X1PY,Black,DE,11/12/2022,64325d062573fba749d0c051,360mm,Dracaena Store,51,94.83,94.83,1
B09JG4TTP2,Black,FR,11/11/2022,643243392573fba749ce5536,240mm,Dracaena Store,41.1,75.21,75.21,1
B09JG59MGK,Black,GB,11/5/2022,642279ef8c830bbda3ab5211,120mm,Dracaena Store,31.1,58.42,58.42,1
B09JG59MGK,Black,GB,11/15/2022,643256742573fba749d0205e,120mm,Dracaena Store,31.1,58.42,58.42,1
B09JG4TTP2,Black,GB,11/4/2022,64227a068c830bbda3ab53d2,240mm,Dracaena Store,41.1,76.2,76.2,1
B09JG4TTP2,Black,IT,10/12/2022,640da6931bb907e393587358,240mm,Dracaena Store,41.1,75.21,75.21,1
B09JG59MGK,Black,JP,10/29/2022,642317978c830bbda3b72101,120mm,Dracaena Store,31.1,53.186,53.186,1
B09JG59MGK,Black,JP,11/1/2022,642704d78c830bbda3fe3b27,120mm,Dracaena Store,31.1,53.186,53.186,1
B09JG59MGK,Black,GB,11/3/2022,642279ef8c830bbda3ab520f,120mm,Dracaena Store,31.1,58.42,116.84,2
B09JG59MGK,Black,GB,11/10/2022,643256742573fba749d02059,120mm,Dracaena Store,31.1,58.42,116.84,2
B09JG5X1PY,Black,JP,10/28/2022,6421cb998c830bbda39ae04f,360mm,Dracaena Store,51,87.962,175.924,2
B09JG59MGK,Black,AU,10/19/2022,640c74c61bb907e393404659,120mm,Dracaena Store,31.1,65.66,65.66,1
B09JG59MGK,Black,CA,10/4/2022,63feeca06b5148a5756f1b6e,120mm,Dracaena Store,31.1,52.44,52.44,1
B09JG59MGK,Black,CA,10/13/2022,640df2281bb907e3935d4b8a,120mm,Dracaena Store,31.1,52.44,52.44,1
B09JG59MGK,Black,CA,10/21/2022,64171e941bb907e393d65445,120mm,Dracaena Store,31.1,52.44,52.44,1
B09JG59MGK,Black,CA,10/22/2022,64171e941bb907e393d65446,120mm,Dracaena Store,31.1,52.44,52.44,1
B09JG59MGK,Black,CA,10/23/2022,64171e941bb907e393d65447,120mm,Dracaena Store,31.1,52.44,52.44,1
B09JG59MGK,Black,CA,10/25/2022,64171e941bb907e393d65449,120mm,Dracaena Store,31.1,52.44,52.44,1
B09JG59MGK,Black,CA,11/1/2022,642784ce8c830bbda3077223,120mm,Dracaena Store,31.1,52.44,52.44,1
B09JG59MGK,Black,CA,11/2/2022,642864218c830bbda317368b,120mm,Dracaena Store,31.1,52.44,52.44,1
B09JG4TTP2,Black,CA,10/7/2022,63feec156b5148a5756f1577,240mm,Dracaena Store,41.1,60.04,60.04,1
B09JG4TTP2,Black,CA,10/8/2022,63feec156b5148a5756f1578,240mm,Dracaena Store,41.1,60.04,60.04,1
B09JG4TTP2,Black,CA,10/13/2022,640df1ba1bb907e3935d431a,240mm,Dracaena Store,41.1,60.04,60.04,1
B09JG4TTP2,Black,CA,10/18/2022,6414c0de1bb907e393bf03ca,240mm,Dracaena Store,41.1,60.04,180.12,3
B09JG59MGK,Black,US,9/10/2022,63e2f6ec58ed550a45d8ba5a,120mm,Dracaena Store,31.1,52,52,1
B09JG59MGK,Black,US,9/14/2022,63e869157d111e070f946be3,120mm,Dracaena Store,31.1,52,52,1
B09JG59MGK,Black,US,9/16/2022,63ea5fccb65d634d6936cb8a,120mm,Dracaena Store,31.1,52,52,1
B09JG59MGK,Black,US,9/17/2022,63eb1399b65d634d69480b66,120mm,Dracaena Store,31.1,52,52,1
B09JG59MGK,Black,US,9/18/2022,63eb1399b65d634d69480b67,120mm,Dracaena Store,31.1,52,52,1
B09JG59MGK,Black,US,9/22/2022,63f26adbea6105710225e604,120mm,Dracaena Store,31.1,52,52,1
B09JG59MGK,Black,US,9/25/2022,63f6873e6b5148a575e6a304,120mm,Dracaena Store,31.1,52,52,1
B09JG4TTP2,Black,US,9/11/2022,63e4741d58ed550a45f84c6c,240mm,Dracaena Store,41.1,69,69,1
B09JG4TTP2,Black,US,9/16/2022,63ea5f54b65d634d6936bd98,240mm,Dracaena Store,41.1,69,69,1
B09JG4TTP2,Black,US,9/18/2022,63eb132cb65d634d69480027,240mm,Dracaena Store,41.1,69,69,1
B09JG4TTP2,Black,US,9/21/2022,63eb132cb65d634d6948002a,240mm,Dracaena Store,41.1,69,69,1
B09JG4TTP2,Black,US,9/24/2022,63f4e5126b5148a575c0218e,240mm,Dracaena Store,41.1,69,69,1
B09JG5X1PY,Black,US,9/24/2022,63f4e5176b5148a575c02224,360mm,Dracaena Store,51,86,86,1
B09JG5X1PY,Black,US,9/26/2022,63f81ead6b5148a575091740,360mm,Dracaena Store,51,86,86,1
B09JG59MGK,Black,US,9/11/2022,63e4748c58ed550a45f85248,120mm,Dracaena Store,31.1,52,104,2
B09JG59MGK,Black,US,9/19/2022,63eb1399b65d634d69480b68,120mm,Dracaena Store,31.1,52,104,2
B09JG59MGK,Black,US,9/21/2022,63eb1399b65d634d69480b6a,120mm,Dracaena Store,31.1,52,104,2
B09JG59MGK,Black,US,9/23/2022,63f26adbea6105710225e605,120mm,Dracaena Store,31.1,52,104,2
B09JG59MGK,Black,US,9/24/2022,63f4e58b6b5148a575c02dbe,120mm,Dracaena Store,31.1,52,104,2
B09JG59MGK,Black,US,9/13/2022,63e4748c58ed550a45f8524a,120mm,Dracaena Store,31.1,52,156,3
B09JG59MGK,Black,US,9/20/2022,63eb1399b65d634d69480b69,120mm,Dracaena Store,31.1,52,156,3
B09JG59MGK,Black,US,9/27/2022,63f919ee6b5148a5751cfa58,120mm,Dracaena Store,31.1,52,156,3
B09JG59MGK,Black,US,9/28/2022,63fa834e6b5148a57539d074,120mm,Dracaena Store,31.1,52,156,3
B09JG59MGK,Black,US,9/26/2022,63f81f186b5148a575091f92,120mm,Dracaena Store,31.1,39,156,4
B09JG59MGK,Black,DE,3/15/2023,6440d672c0c3edd418fb77f7,120mm,Dracaena Store,31.1,61.5414,61.5414,1
B09JG59MGK,Black,DE,4/1/2023,64407f3ec0c3edd418f50a5e,120mm,Dracaena Store,31.1,54.4891,54.4891,1
B09JG59MGK,Black,DE,4/14/2023,64407f3ec0c3edd418f50a6b,120mm,Dracaena Store,31.1,54.4891,54.4891,1
B09JG59MGK,Black,DE,4/16/2023,64407f3ec0c3edd418f50a6d,120mm,Dracaena Store,31.1,54.4891,54.4891,1
B09JG4TTP2,Black,DE,4/16/2023,6440806fc0c3edd418f51ffd,240mm,Dracaena Store,41.1,74.1091,74.1091,1
B09JG59MGK,Black,DE,4/17/2023,64407f3ec0c3edd418f50a6e,120mm,Dracaena Store,31.1,55.8625,55.8625,1
B09JG59MGK,Black,DE,4/19/2023,64407f3ec0c3edd418f50a70,120mm,Dracaena Store,31.1,54.4891,54.4891,1
B09JG59MGK,Black,DE,4/12/2023,64407f3ec0c3edd418f50a69,120mm,Dracaena Store,31.1,54.4891,108.9782,2
B09JG59MGK,Black,GB,10/12/2022,640d87591bb907e393563106,120mm,Dracaena Store,31.1,60.9473,60.9473,1
B09JG59MGK,Black,GB,10/17/2022,6411b2f61bb907e3939c0f98,120mm,Dracaena Store,31.1,66.04,66.04,1
B09JG59MGK,Black,GB,10/21/2022,6411b2f61bb907e3939c0f9c,120mm,Dracaena Store,31.1,66.04,66.04,1
B09JG59MGK,Black,GB,2/19/2023,6440ce79c0c3edd418fadcb7,120mm,Dracaena Store,31.1,65.3923,65.3923,1
B09JG59MGK,Black,GB,2/21/2023,6440ce79c0c3edd418fadcb9,120mm,Dracaena Store,31.1,65.3923,65.3923,1
B09JG59MGK,Black,GB,2/26/2023,6440ce79c0c3edd418fadcbe,120mm,Dracaena Store,31.1,67.0306,67.0306,1
B09JG59MGK,Black,GB,3/3/2023,6440ce79c0c3edd418fadcc3,120mm,Dracaena Store,31.1,52.3113,52.3113,1
B09JG59MGK,Black,GB,3/7/2023,6440ce79c0c3edd418fadcc7,120mm,Dracaena Store,31.1,67.0306,67.0306,1
B09JG59MGK,Black,GB,3/8/2023,6440ce79c0c3edd418fadcc8,120mm,Dracaena Store,31.1,65.3923,65.3923,1
B09JG59MGK,Black,GB,3/13/2023,6440ce79c0c3edd418fadccd,120mm,Dracaena Store,31.1,65.3923,65.3923,1
B09JG59MGK,Black,GB,4/14/2023,644076ecc0c3edd418f4690d,120mm,Dracaena Store,31.1,65.3923,65.3923,1
B09JG59MGK,Black,GB,4/18/2023,644076ecc0c3edd418f46911,120mm,Dracaena Store,31.1,65.3923,65.3923,1
B09JG59MGK,Black,GB,2/25/2023,6440ce79c0c3edd418fadcbd,120mm,Dracaena Store,31.1,67.0306,134.0612,2
B09JG59MGK,Black,GB,3/2/2023,6440ce79c0c3edd418fadcc2,120mm,Dracaena Store,31.1,58.8518,117.7036,2
B09JG59MGK,Black,IT,11/20/2022,64403a81c0c3edd418f07c6e,120mm,Dracaena Store,31.1,62.13,62.13,1
B09JG59MGK,Black,IT,4/15/2023,6440a240c0c3edd418f77d7e,120mm,Dracaena Store,31.1,62.1191,62.1191,1
B09JG4TTP2,Black,IT,4/19/2023,6440a260c0c3edd418f78034,240mm,Dracaena Store,41.1,75.1991,75.1991,1
B09JG59MGK,Black,JP,10/8/2022,63f751776b5148a575f94fba,120mm,Dracaena Store,31.1,55.993,55.993,1
B09JG59MGK,Black,JP,10/12/2022,640cd1531bb907e39347454c,120mm,Dracaena Store,31.1,51.093,51.093,1
B09JG59MGK,Black,JP,10/14/2022,640e609d1bb907e393667368,120mm,Dracaena Store,31.1,51.093,51.093,1
B09JG59MGK,Black,JP,10/27/2022,640e609d1bb907e393667375,120mm,Dracaena Store,31.1,53.186,53.186,1
B09JG59MGK,Black,JP,11/11/2022,64340364334b3086ade682b4,120mm,Dracaena Store,31.1,53.186,53.186,1
B09JG59MGK,Black,JP,11/19/2022,643ebcd6c0c3edd418d542b3,120mm,Dracaena Store,31.1,46.186,46.186,1
B09JG59MGK,Black,JP,11/20/2022,64403feec0c3edd418f0f233,120mm,Dracaena Store,31.1,46.186,46.186,1
B09JG59MGK,Black,JP,11/16/2022,64340364334b3086ade682b9,120mm,Dracaena Store,31.1,53.186,159.558,3
B09JG59MGK,Black,MX,11/18/2022,6436a7de334b3086ad0b3a73,120mm,Dracaena Store,31.1,51.04,51.04,1
B09JG4TTP2,Black,US,10/16/2022,6412a8ce1bb907e393aa8b48,240mm,Dracaena Store,41.1,69,69,1
B09JG4TTP2,Black,US,10/19/2022,6416798d1bb907e393d01fac,240mm,Dracaena Store,41.1,69,69,1
B09JG5X1PY,Black,US,10/20/2022,64172e1d1bb907e393d7130c,360mm,Dracaena Store,51,86,86,1
B09JG4TTP2,Black,US,10/23/2022,64172e181bb907e393d712f1,240mm,Dracaena Store,41.1,69,69,1
B09JG4TTP2,Black,US,10/30/2022,6424fdf98c830bbda3d9f4fb,240mm,Dracaena Store,41.1,69,69,1
B09JG5X1PY,Black,US,10/30/2022,6424fdfe8c830bbda3d9f573,360mm,Dracaena Store,51,86,86,1
B09JG4TTP2,Black,US,11/5/2022,642cc5e3297d80a266ec3f25,240mm,Dracaena Store,41.1,69,69,1
B09JG4TTP2,Black,US,11/7/2022,642cc5e3297d80a266ec3f27,240mm,Dracaena Store,41.1,69,69,1
B09JG4TTP2,Black,US,11/8/2022,642cc5e3297d80a266ec3f28,240mm,Dracaena Store,41.1,69,69,1
B09JG59MGK,Black,US,10/29/2022,642369358c830bbda3bd168d,120mm,Dracaena Store,31.1,52,104,2
B09JG59MGK,Black,US,10/21/2022,64172e821bb907e393d715bf,120mm,Dracaena Store,31.1,52,156,3
B09JG59MGK,Black,US,10/25/2022,64172e821bb907e393d715c3,120mm,Dracaena Store,31.1,52,156,3
B09JG4TTP2,Black,US,10/25/2022,64172e181bb907e393d712f3,240mm,Dracaena Store,41.1,69,207,3
B09JG4TTP2,Black,US,11/3/2022,642a02968c830bbda334b729,240mm,Dracaena Store,41.1,46,138,3
B09JG4TTP2,Black,US,11/4/2022,642a02968c830bbda334b72a,240mm,Dracaena Store,41.1,69,207,3
B09JG59MGK,Black,US,10/23/2022,64172e821bb907e393d715c1,120mm,Dracaena Store,31.1,52,208,4
B09JG59MGK,Black,US,10/30/2022,6424fe668c830bbda3da0095,120mm,Dracaena Store,31.1,52,208,4
B09JG59MGK,Black,US,10/31/2022,6425fee68c830bbda3ec4967,120mm,Dracaena Store,31.1,52,208,4
B09JG59MGK,Black,US,11/7/2022,642cc677297d80a266ec4aa3,120mm,Dracaena Store,31.1,54.99,219.96,4
B09JG4TTP2,Black,US,11/9/2022,64320a662573fba749c92bcc,240mm,Dracaena Store,41.1,69,276,4
B09JG59MGK,Black,US,10/16/2022,6412a9421bb907e393aa90ca,120mm,Dracaena Store,31.1,52,260,5
B09JG59MGK,Black,US,10/26/2022,64172e821bb907e393d715c4,120mm,Dracaena Store,31.1,52,260,5
B09JG59MGK,Black,US,11/1/2022,642795168c830bbda308bf89,120mm,Dracaena Store,31.1,52,260,5
B09JG59MGK,Black,US,10/19/2022,641679f71bb907e393d0252e,120mm,Dracaena Store,31.1,52,312,6
B09JG59MGK,Black,US,10/22/2022,64172e821bb907e393d715c0,120mm,Dracaena Store,31.1,52,312,6
B09JG59MGK,Black,US,11/9/2022,64320ad32573fba749c9370c,120mm,Dracaena Store,31.1,54.99,329.94,6
B09JG59MGK,Black,US,10/20/2022,64172e821bb907e393d715be,120mm,Dracaena Store,31.1,52,364,7
B09JG59MGK,Black,US,10/28/2022,6421c1f48c830bbda399dc81,120mm,Dracaena Store,31.1,52,364,7
B09JG59MGK,Black,US,11/2/2022,642874738c830bbda3185a39,120mm,Dracaena Store,31.1,52,364,7
B09JG59MGK,Black,US,11/5/2022,642cc677297d80a266ec4aa1,120mm,Dracaena Store,31.1,52,364,7
B09JG59MGK,Black,US,11/6/2022,642cc677297d80a266ec4aa2,120mm,Dracaena Store,31.1,52,364,7
B09JG59MGK,Black,US,10/24/2022,64172e821bb907e393d715c2,120mm,Dracaena Store,31.1,52,416,8
B09JG59MGK,Black,US,10/27/2022,64172e821bb907e393d715c5,120mm,Dracaena Store,31.1,52,416,8
B09JG59MGK,Black,US,11/3/2022,642a03058c830bbda334c1b5,120mm,Dracaena Store,31.1,52,416,8
B09JG59MGK,Black,US,11/4/2022,642a03058c830bbda334c1b6,120mm,Dracaena Store,31.1,52,468,9
B09JG59MGK,Black,US,10/17/2022,641365ec1bb907e393b1f5b8,120mm,Dracaena Store,31.1,47.27,520,11
B09JG59MGK,Black,US,10/18/2022,6414d52c1bb907e393bfdd4a,120mm,Dracaena Store,31.1,52,572,11
B09JG59MGK,Black,US,11/8/2022,642cc677297d80a266ec4aa4,120mm,Dracaena Store,31.1,50.27,904.93,18
B09JG59MGK,Black,CA,11/25/2022,64416c5cc0c3edd41805e1c9,120mm,Dracaena Store,31.1,42.5524,42.5524,1
B09JG59MGK,Black,CA,11/23/2022,64416c5cc0c3edd41805e1c7,120mm,Dracaena Store,31.1,52.44,52.44,1
B09JG59MGK,Black,CA,12/4/2022,64416c5cc0c3edd41805e1d2,120mm,Dracaena Store,31.1,52.44,52.44,1
B09JG59MGK,Black,CA,12/8/2022,64416c5cc0c3edd41805e1d6,120mm,Dracaena Store,31.1,52.44,52.44,1
B09JG59MGK,Black,CA,12/13/2022,64416c5cc0c3edd41805e1db,120mm,Dracaena Store,31.1,58.5124,58.5124,1
B09JG59MGK,Black,CA,12/15/2022,64416c5cc0c3edd41805e1dd,120mm,Dracaena Store,31.1,58.5124,58.5124,1
B09JG59MGK,Black,CA,12/16/2022,64416c5cc0c3edd41805e1de,120mm,Dracaena Store,31.1,58.5124,58.5124,1
B09JG59MGK,Black,CA,12/18/2022,64416c5cc0c3edd41805e1e0,120mm,Dracaena Store,31.1,58.5124,58.5124,1
B09JG59MGK,Black,CA,12/19/2022,64416c5cc0c3edd41805e1e1,120mm,Dracaena Store,31.1,58.5124,58.5124,1
B09JG59MGK,Black,DE,9/21/2022,63f091ffb137a68bcc6b9fe6,120mm,Dracaena Store,31.1,61.5632,61.5632,1
B09JG59MGK,Black,DE,9/22/2022,63f2957bea6105710229d64c,120mm,Dracaena Store,31.1,61.5632,61.5632,1
B09JG59MGK,Black,US,10/7/2022,63ff00c56b5148a5756febcd,120mm,Dracaena Store,31.1,52,52,1
B09JG4TTP2,Black,US,10/10/2022,63ff003f6b5148a5756fe612,240mm,Dracaena Store,41.1,62,62,1
B09JG4TTP2,Black,US,9/30/2022,63fcfb656b5148a5755e97a6,240mm,Dracaena Store,41.1,69,69,1
B09JG4TTP2,Black,US,10/4/2022,63ff003f6b5148a5756fe60c,240mm,Dracaena Store,41.1,69,69,1
B09JG4TTP2,Black,US,10/5/2022,63ff003f6b5148a5756fe60d,240mm,Dracaena Store,41.1,69,69,1
B09JG4TTP2,Black,US,10/7/2022,63ff003f6b5148a5756fe60f,240mm,Dracaena Store,41.1,69,69,1
B09JG4TTP2,Black,US,10/8/2022,63ff003f6b5148a5756fe610,240mm,Dracaena Store,41.1,69,69,1
B09JG4TTP2,Black,US,10/12/2022,640d17ec1bb907e3934d2692,240mm,Dracaena Store,41.1,69,69,1
B09JG4TTP2,Black,US,10/14/2022,640f88781bb907e39379305c,240mm,Dracaena Store,41.1,69,69,1
B09JG4TTP2,Black,US,10/15/2022,6410ed3d1bb907e3938fa792,240mm,Dracaena Store,41.1,69,69,1
B09JG5X1PY,Black,US,10/12/2022,640d17f01bb907e3934d270a,360mm,Dracaena Store,51,77,77,1
B09JG5X1PY,Black,US,10/1/2022,63fe27e26b5148a575688680,360mm,Dracaena Store,51,86,86,1
B09JG5X1PY,Black,US,10/4/2022,63ff00456b5148a5756fe648,360mm,Dracaena Store,51,86,86,1
B09JG5X1PY,Black,US,10/13/2022,640e01a81bb907e3935ece42,360mm,Dracaena Store,51,86,86,1
B09JG59MGK,Black,GB,5/31/2022,63d11169dba2fe37f05f4790,120mm,Dracaena Store,31.1,53.8734,53.8734,1
B09JG59MGK,Black,GB,6/20/2022,63d11169dba2fe37f05f47a4,120mm,Dracaena Store,31.1,55.118,55.118,1
B09JG59MGK,Black,GB,6/1/2022,63d11169dba2fe37f05f4791,120mm,Dracaena Store,31.1,53.8734,107.7468,2
B09JG4TTP2,Black,US,4/4/2022,63d0db35dba2fe37f0585091,240mm,Dracaena Store,41.1,68.99,68.99,1
B09JG59MGK,Black,US,4/7/2022,63d0db98dba2fe37f0585e68,120mm,Dracaena Store,31.1,49,49,1
B09JG4TTP2,Black,US,4/12/2022,63d0db35dba2fe37f0585099,240mm,Dracaena Store,41.1,68.99,68.99,1
B09JG4TTP2,Black,US,4/15/2022,63d0db35dba2fe37f058509c,240mm,Dracaena Store,41.1,68.99,68.99,1
B09JG4TTP2,Black,US,4/24/2022,63d0db35dba2fe37f05850a5,240mm,Dracaena Store,41.1,59.99,59.99,1
B09JG4TTP2,Black,US,4/27/2022,63d0db35dba2fe37f05850a8,240mm,Dracaena Store,41.1,59.99,59.99,1
B09JG4TTP2,Black,US,4/1/2022,63d0db35dba2fe37f058508e,240mm,Dracaena Store,41.1,68.99,137.98,2
B09JG59MGK,Black,US,1/4/2022,63d16973dba2fe37f066410b,120mm,Dracaena Store,31.1,45,45,1
B09JG59MGK,Black,US,1/6/2022,63d16973dba2fe37f066410d,120mm,Dracaena Store,31.1,45,45,1
B09JG59MGK,Black,US,1/11/2022,63d16973dba2fe37f0664112,120mm,Dracaena Store,31.1,45,45,1
B09JG59MGK,Black,US,1/15/2022,63d16973dba2fe37f0664116,120mm,Dracaena Store,31.1,45,45,1
B09JG59MGK,Black,US,1/23/2022,63d16973dba2fe37f066411e,120mm,Dracaena Store,31.1,45,45,1
B09JG59MGK,Black,US,1/26/2022,63d16973dba2fe37f0664121,120mm,Dracaena Store,31.1,49,49,1
B09JG59MGK,Black,US,5/14/2022,63d0be22dba2fe37f05461f7,120mm,Dracaena Store,31.1,49.99,49.99,1
B09JG59MGK,Black,US,5/16/2022,63d0be22dba2fe37f05461f9,120mm,Dracaena Store,31.1,49.99,49.99,1
B09JG59MGK,Black,US,5/18/2022,63d0be22dba2fe37f05461fb,120mm,Dracaena Store,31.1,49.99,49.99,1
B09JG59MGK,Black,US,5/21/2022,63d0be22dba2fe37f05461fe,120mm,Dracaena Store,31.1,49.99,49.99,1
B09JG59MGK,Black,US,5/22/2022,63d0be22dba2fe37f05461ff,120mm,Dracaena Store,31.1,49.99,49.99,1
B09JG59MGK,Black,US,5/23/2022,63d0be22dba2fe37f0546200,120mm,Dracaena Store,31.1,49.99,49.99,1
B09JG59MGK,Black,US,5/29/2022,63d0a104dba2fe37f0506246,120mm,Dracaena Store,31.1,49.99,49.99,1
B09JG4TTP2,Black,US,5/3/2022,63d0bdc0dba2fe37f05453dc,240mm,Dracaena Store,41.1,59.99,59.99,1
B09JG4TTP2,Black,US,5/4/2022,63d0bdc0dba2fe37f05453dd,240mm,Dracaena Store,41.1,59.99,59.99,1
B09JG4TTP2,Black,US,5/6/2022,63d0bdc0dba2fe37f05453df,240mm,Dracaena Store,41.1,59.99,59.99,1
B09JG4TTP2,Black,US,5/15/2022,63d0bdc0dba2fe37f05453e8,240mm,Dracaena Store,41.1,59.99,59.99,1
B09JG4TTP2,Black,US,5/18/2022,63d0bdc0dba2fe37f05453eb,240mm,Dracaena Store,41.1,59.99,59.99,1
B09JG4TTP2,Black,US,5/22/2022,63d0bdc0dba2fe37f05453ef,240mm,Dracaena Store,41.1,59.99,59.99,1
B09JG4TTP2,Black,US,1/8/2022,63d1690fdba2fe37f0663683,240mm,Dracaena Store,41.1,65,65,1
B09JG4TTP2,Black,US,1/18/2022,63d1690fdba2fe37f066368d,240mm,Dracaena Store,41.1,65,65,1
B09JG4TTP2,Black,US,1/23/2022,63d1690fdba2fe37f0663692,240mm,Dracaena Store,41.1,65,65,1
B09JG4TTP2,Black,US,1/25/2022,63d1690fdba2fe37f0663694,240mm,Dracaena Store,41.1,65,65,1
B09JG5X1PY,Black,US,1/13/2022,63d16913dba2fe37f0663700,360mm,Dracaena Store,51,89,89,1
B09JG5X1PY,Black,US,1/23/2022,63d16913dba2fe37f066370a,360mm,Dracaena Store,51,89,89,1
B09JG59MGK,Black,US,12/31/2021,63d16973dba2fe37f0664107,120mm,Dracaena Store,31.1,45,90,2
B09JG59MGK,Black,US,1/3/2022,63d16973dba2fe37f066410a,120mm,Dracaena Store,31.1,45,90,2
B09JG59MGK,Black,US,1/13/2022,63d16973dba2fe37f0664114,120mm,Dracaena Store,31.1,45,90,2
B09JG59MGK,Black,US,1/14/2022,63d16973dba2fe37f0664115,120mm,Dracaena Store,31.1,45,90,2
B09JG59MGK,Black,US,1/18/2022,63d16973dba2fe37f0664119,120mm,Dracaena Store,31.1,45,90,2
B09JG59MGK,Black,US,1/19/2022,63d16973dba2fe37f066411a,120mm,Dracaena Store,31.1,45,90,2
B09JG59MGK,Black,US,1/25/2022,63d16973dba2fe37f0664120,120mm,Dracaena Store,31.1,45,90,2
B09JG59MGK,Black,US,5/20/2022,63d0be22dba2fe37f05461fd,120mm,Dracaena Store,31.1,49.99,99.98,2
B09JG4TTP2,Black,US,5/23/2022,63d0bdc0dba2fe37f05453f0,240mm,Dracaena Store,41.1,59.99,119.98,2
B09JG59MGK,Black,US,1/5/2022,63d16973dba2fe37f066410c,120mm,Dracaena Store,31.1,45,135,3
B09JG59MGK,Black,US,1/17/2022,63d16973dba2fe37f0664118,120mm,Dracaena Store,31.1,45,135,3
B09JG59MGK,Black,US,1/22/2022,63d16973dba2fe37f066411d,120mm,Dracaena Store,31.1,45,135,3
B09JG59MGK,Black,US,1/24/2022,63d16973dba2fe37f066411f,120mm,Dracaena Store,31.1,45,135,3
B09JG59MGK,Black,US,5/26/2022,63d0be22dba2fe37f0546203,120mm,Dracaena Store,31.1,49.99,149.97,3
B09JG59MGK,Black,US,5/28/2022,63d0a104dba2fe37f0506245,120mm,Dracaena Store,31.1,49.99,149.97,3
B09JG4TTP2,Black,US,5/28/2022,63d0a0a2dba2fe37f05053f9,240mm,Dracaena Store,41.1,59.99,179.97,3
B09JG59MGK,Black,US,5/27/2022,63d0be22dba2fe37f0546204,120mm,Dracaena Store,31.1,49.99,199.96,4
B09JG59MGK,Black,US,2/7/2022,63d1426ddba2fe37f063163d,120mm,Dracaena Store,31.1,49,49,1
B09JG4TTP2,Black,US,2/8/2022,63d141b5dba2fe37f0630d74,240mm,Dracaena Store,41.1,69,207,3
B09JG59MGK,Black,CA,7/12/2022,63d47c29dba2fe37f0ae2ade,120mm,Dracaena Store,31.1,49.02,49.02,1
B09JG59MGK,Black,CA,7/1/2022,63d47c29dba2fe37f0ae2ad3,120mm,Dracaena Store,31.1,52.3488,52.3488,1
B09JG59MGK,Black,CA,7/13/2022,63d47c29dba2fe37f0ae2adf,120mm,Dracaena Store,31.1,49.02,147.06,3
B09JG59MGK,Black,US,7/31/2022,63d46c8edba2fe37f0acef79,120mm,Dracaena Store,31.1,52,52,1
B09JG5X1PY,Black,US,8/2/2022,63d46c2adba2fe37f0ace747,360mm,Dracaena Store,51,86,86,1
B09JG59MGK,Black,US,8/5/2022,63d46c8edba2fe37f0acef7e,120mm,Dracaena Store,31.1,52,52,1
B09JG5X1PY,Black,US,8/7/2022,63d46c2adba2fe37f0ace74c,360mm,Dracaena Store,51,86,86,1
B09JG59MGK,Black,US,8/12/2022,63d46c8edba2fe37f0acef85,120mm,Dracaena Store,31.1,52,52,1
B09JG59MGK,Black,US,8/13/2022,63d46c8edba2fe37f0acef86,120mm,Dracaena Store,31.1,52,52,1
B09JG5X1PY,Black,US,8/25/2022,63d46c2adba2fe37f0ace75e,360mm,Dracaena Store,51,86,86,1
B09JG5X1PY,Black,US,8/27/2022,63d46c2adba2fe37f0ace760,360mm,Dracaena Store,51,86,86,1
B09JG59MGK,Black,US,1/24/2023,64425beec0c3edd4181690ae,120mm,Dracaena Store,31.1,58.99,58.99,1
B09JG59MGK,Black,US,1/25/2023,64425beec0c3edd4181690af,120mm,Dracaena Store,31.1,52,52,1
B09JG5X1PY,Black,US,2/8/2023,64425b5ac0c3edd4181688e3,360mm,Dracaena Store,51,86.99,86.99,1
B09JG59MGK,Black,CA,12/9/2022,64416c5cc0c3edd41805e1d7,120mm,Dracaena Store,31.1,52.44,104.88,2
B09JG59MGK,Black,CA,12/11/2022,64416c5cc0c3edd41805e1d9,120mm,Dracaena Store,31.1,52.44,104.88,2
B09JG59MGK,Black,DE,9/23/2022,63f2957bea6105710229d64d,120mm,Dracaena Store,31.1,61.3125,122.6141,2
B09JG59MGK,Black,CA,11/28/2022,64416c5cc0c3edd41805e1cc,120mm,Dracaena Store,31.1,52.44,157.32,3
B09JG59MGK,Black,CA,12/12/2022,64416c5cc0c3edd41805e1da,120mm,Dracaena Store,31.1,52.44,157.32,3
B09JG59MGK,Black,US,9/30/2022,63fcfbea6b5148a5755e9d64,120mm,Dracaena Store,31.1,52,156,3
B09JG59MGK,Black,US,10/5/2022,63ff00c56b5148a5756febcb,120mm,Dracaena Store,31.1,52,156,3
B09JG59MGK,Black,US,10/6/2022,63ff00c56b5148a5756febcc,120mm,Dracaena Store,31.1,52,156,3
B09JG59MGK,Black,US,10/14/2022,640f88e21bb907e3937935fc,120mm,Dracaena Store,31.1,52,156,3
B09JG59MGK,Black,CA,11/27/2022,64416c5cc0c3edd41805e1cb,120mm,Dracaena Store,31.1,42.5524,170.2096,4
B09JG59MGK,Black,US,10/3/2022,63ff00c56b5148a5756febc9,120mm,Dracaena Store,31.1,52,208,4
B09JG59MGK,Black,US,10/8/2022,63ff00c56b5148a5756febce,120mm,Dracaena Store,31.1,52,208,4
B09JG59MGK,Black,US,10/9/2022,63ff00c56b5148a5756febcf,120mm,Dracaena Store,31.1,52,208,4
B09JG59MGK,Black,US,10/1/2022,63fe28626b5148a575688bc6,120mm,Dracaena Store,31.1,52,260,5
B09JG59MGK,Black,US,10/12/2022,640d18551bb907e3934d320e,120mm,Dracaena Store,31.1,52,260,5
B09JG59MGK,Black,US,10/13/2022,640e02111bb907e3935ed8ce,120mm,Dracaena Store,31.1,52,260,5
B09JG59MGK,Black,US,10/15/2022,6410eda71bb907e3938fad32,120mm,Dracaena Store,31.1,52,260,5
B09JG59MGK,Black,US,10/11/2022,640bb3964c54910acbb3d758,120mm,Dracaena Store,31.1,46,368,8
B09JG59MGK,Black,US,10/10/2022,63ff00c56b5148a5756febd0,120mm,Dracaena Store,31.1,46,414,9
B09JG59MGK,Black,US,10/4/2022,63ff00c56b5148a5756febca,120mm,Dracaena Store,31.1,52,468,9
B09JG59MGK,Black,US,9/29/2022,63fc12276b5148a5755416e6,120mm,Dracaena Store,31.1,48,624,13
B09JG59MGK,Black,SE,3/23/2023,644090e4c0c3edd418f63d03,120mm,Dracaena Store,31.1,55.149,55.149,1
B09JG4TTP2,Black,US,11/10/2022,6432c9272573fba749dad232,240mm,Dracaena Store,41.1,69,69,1
B09JG4TTP2,Black,US,11/11/2022,6434de63334b3086adf5139c,240mm,Dracaena Store,41.1,69,69,1
B09JG4TTP2,Black,US,11/12/2022,6435da0a334b3086ad02719a,240mm,Dracaena Store,41.1,69,69,1
B09JG4TTP2,Black,US,11/15/2022,6435da0a334b3086ad02719d,240mm,Dracaena Store,41.1,69,69,1
B09JG4TTP2,Black,US,11/20/2022,64404c69c0c3edd418f1b2bd,240mm,Dracaena Store,41.1,69,69,1
B09JG59MGK,Black,US,11/15/2022,6435da9a334b3086ad027a49,120mm,Dracaena Store,31.1,54.99,109.98,2
B09JG59MGK,Black,US,11/16/2022,6435da9a334b3086ad027a4a,120mm,Dracaena Store,31.1,54.24,216.97,4
B09JG59MGK,Black,US,11/12/2022,6435da9a334b3086ad027a46,120mm,Dracaena Store,31.1,54.99,219.96,4
B09JG59MGK,Black,US,11/13/2022,6435da9a334b3086ad027a47,120mm,Dracaena Store,31.1,54.99,219.96,4
B09JG59MGK,Black,US,11/19/2022,643f438cc0c3edd418deef75,120mm,Dracaena Store,31.1,55,275,5
B09JG59MGK,Black,US,11/20/2022,64404cfac0c3edd418f1b58d,120mm,Dracaena Store,31.1,55,330,6
B09JG59MGK,Black,US,11/10/2022,6432c9c92573fba749dae07e,120mm,Dracaena Store,31.1,54.99,384.93,7
B09JG59MGK,Black,US,11/17/2022,6435da9a334b3086ad027a4b,120mm,Dracaena Store,31.1,54.99,384.93,7
B09JG59MGK,Black,US,11/18/2022,6435da9a334b3086ad027a4c,120mm,Dracaena Store,31.1,54.25,434,8
B09JG59MGK,Black,US,11/11/2022,6434deea334b3086adf51f18,120mm,Dracaena Store,31.1,54.99,439.92,8
B09JG59MGK,Black,US,11/14/2022,6435da9a334b3086ad027a48,120mm,Dracaena Store,31.1,54.66,491.92,9
B09JG59MGK,Black,CA,1/21/2023,644243d9c0c3edd41815201d,120mm,Dracaena Store,31.1,58.5124,58.5124,1
B09JG59MGK,Black,CA,1/26/2023,644243d9c0c3edd418152022,120mm,Dracaena Store,31.1,58.5124,58.5124,1
B09JG59MGK,Black,CA,1/30/2023,644243d9c0c3edd418152026,120mm,Dracaena Store,31.1,58.5124,58.5124,1
B09JG59MGK,Black,CA,3/2/2023,6442112bc0c3edd41811a8cf,120mm,Dracaena Store,31.1,58.5124,58.5124,1
B09JG4TTP2,Black,DE,11/22/2022,64424c68c0c3edd41815cc62,240mm,Dracaena Store,41.1,65.4,65.4,1
B09JG4TTP2,Black,DE,12/8/2022,64424c68c0c3edd41815cc72,240mm,Dracaena Store,41.1,65.4,65.4,1
B09JG59MGK,Black,DE,12/9/2022,64424b22c0c3edd41815b48b,120mm,Dracaena Store,31.1,61.0509,61.0509,1
B09JG4TTP2,Black,DE,12/9/2022,64424c68c0c3edd41815cc73,240mm,Dracaena Store,41.1,65.4,65.4,1
B09JG5X1PY,Black,DE,12/9/2022,64424be4c0c3edd41815c34f,360mm,Dracaena Store,51,94.83,94.83,1
B09JG4TTP2,Black,DE,12/11/2022,64424c68c0c3edd41815cc75,240mm,Dracaena Store,41.1,65.4,65.4,1
B09JG59MGK,Black,DE,12/12/2022,64424b22c0c3edd41815b48e,120mm,Dracaena Store,31.1,61.0509,61.0509,1
B09JG4TTP2,Black,DE,12/13/2022,64424c68c0c3edd41815cc77,240mm,Dracaena Store,41.1,65.4,65.4,1
B09JG59MGK,Black,DE,12/15/2022,64424b22c0c3edd41815b491,120mm,Dracaena Store,31.1,61.0509,61.0509,1
B09JG59MGK,Black,DE,12/16/2022,64424b22c0c3edd41815b492,120mm,Dracaena Store,31.1,61.0509,61.0509,1
B09JG4TTP2,Black,DE,12/17/2022,64424c68c0c3edd41815cc7b,240mm,Dracaena Store,41.1,74.1091,74.1091,1
B09JG5X1PY,Black,DE,12/17/2022,64424be4c0c3edd41815c357,360mm,Dracaena Store,51,94.83,94.83,1
B09JG4TTP2,Black,DE,12/22/2022,6441eef0c0c3edd4180eeb2c,240mm,Dracaena Store,41.1,74.1091,74.1091,1
B09JG4TTP2,Black,DE,12/23/2022,6441eef0c0c3edd4180eeb2d,240mm,Dracaena Store,41.1,74.1091,74.1091,1
B09JG59MGK,Black,DE,12/26/2022,6441edb6c0c3edd4180ecfe2,120mm,Dracaena Store,31.1,61.0291,61.0291,1
B09JG4TTP2,Black,DE,1/2/2023,6441eef0c0c3edd4180eeb37,240mm,Dracaena Store,41.1,74.1091,74.1091,1
B09JG5X1PY,Black,FR,11/24/2022,64422620c0c3edd41812c49c,360mm,Dracaena Store,51,97.01,97.01,1
B09JG5X1PY,Black,FR,12/19/2022,64422620c0c3edd41812c4b5,360mm,Dracaena Store,51,97.01,97.01,1
B09JG59MGK,Black,GB,11/24/2022,64424255c0c3edd4181502f2,120mm,Dracaena Store,31.1,55.8546,55.8546,1
B09JG5X1PY,Black,GB,11/24/2022,6442428bc0c3edd418150784,360mm,Dracaena Store,51,87.63,87.63,1
B09JG59MGK,Black,GB,11/25/2022,64424255c0c3edd4181502f3,120mm,Dracaena Store,31.1,55.8546,55.8546,1
B09JG4TTP2,Black,GB,12/7/2022,64424277c0c3edd4181505cf,240mm,Dracaena Store,41.1,78.105,78.105,1
B09JG59MGK,Black,GB,12/10/2022,64424255c0c3edd418150302,120mm,Dracaena Store,31.1,65.3923,65.3923,1
B09JG5X1PY,Black,GB,12/10/2022,6442428bc0c3edd418150794,360mm,Dracaena Store,51,95.25,95.25,1
B09JG5X1PY,Black,GB,12/11/2022,6442428bc0c3edd418150795,360mm,Dracaena Store,51,95.25,95.25,1
B09JG5X1PY,Black,GB,12/18/2022,6442428bc0c3edd41815079c,360mm,Dracaena Store,51,95.25,95.25,1
B09JG5X1PY,Black,GB,12/20/2022,6442428bc0c3edd41815079e,360mm,Dracaena Store,51,92.6592,92.6592,1
B09JG59MGK,Black,JP,11/22/2022,64424bb5c0c3edd41815c031,120mm,Dracaena Store,31.1,46.186,46.186,1
B09JG59MGK,Black,JP,11/23/2022,64424bb5c0c3edd41815c032,120mm,Dracaena Store,31.1,46.186,46.186,1
B09JG59MGK,Black,JP,11/24/2022,64424bb5c0c3edd41815c033,120mm,Dracaena Store,31.1,46.186,46.186,1
B09JG59MGK,Black,JP,11/25/2022,64424bb5c0c3edd41815c034,120mm,Dracaena Store,31.1,46.186,46.186,1
B09JG59MGK,Black,JP,11/29/2022,64424bb5c0c3edd41815c038,120mm,Dracaena Store,31.1,67.186,67.186,1
B09JG4TTP2,Black,JP,12/3/2022,64424bcac0c3edd41815c1a4,240mm,Dracaena Store,41.1,84.581,84.581,1
B09JG59MGK,Black,JP,12/4/2022,64424bb5c0c3edd41815c03d,120mm,Dracaena Store,31.1,67.186,67.186,1
B09JG59MGK,Black,JP,12/15/2022,64424bb5c0c3edd41815c048,120mm,Dracaena Store,31.1,55.993,55.993,1
B09JG59MGK,Black,JP,12/16/2022,64424bb5c0c3edd41815c049,120mm,Dracaena Store,31.1,55.993,55.993,1
B09JG59MGK,Black,JP,12/18/2022,64424bb5c0c3edd41815c04b,120mm,Dracaena Store,31.1,55.993,55.993,1
B09JG59MGK,Black,JP,12/22/2022,64424293c0c3edd418150835,120mm,Dracaena Store,31.1,55.993,55.993,1
B09JG59MGK,Black,JP,12/23/2022,64424293c0c3edd418150836,120mm,Dracaena Store,31.1,55.993,55.993,1
B09JG59MGK,Black,JP,12/25/2022,64424293c0c3edd418150838,120mm,Dracaena Store,31.1,55.993,55.993,1
B09JG59MGK,Black,JP,12/28/2022,64424293c0c3edd41815083b,120mm,Dracaena Store,31.1,55.993,55.993,1
B09JG59MGK,Black,JP,12/30/2022,64424293c0c3edd41815083d,120mm,Dracaena Store,31.1,55.993,55.993,1
B09JG59MGK,Black,JP,1/3/2023,64424293c0c3edd418150841,120mm,Dracaena Store,31.1,55.993,55.993,1
B09JG59MGK,Black,JP,1/9/2023,64424293c0c3edd418150847,120mm,Dracaena Store,31.1,55.993,55.993,1
B09JG59MGK,Black,JP,1/10/2023,64424293c0c3edd418150848,120mm,Dracaena Store,31.1,55.993,55.993,1
B09JG59MGK,Black,JP,1/14/2023,64424293c0c3edd41815084c,120mm,Dracaena Store,31.1,55.993,55.993,1
B09JG59MGK,Black,JP,1/18/2023,64424293c0c3edd418150850,120mm,Dracaena Store,31.1,55.993,55.993,1
B09JG59MGK,Black,MX,2/2/2023,64423692c0c3edd41814111b,120mm,Dracaena Store,31.1,75.342,75.342,1
B09JG59MGK,Black,MX,2/26/2023,64420403c0c3edd4181098eb,120mm,Dracaena Store,31.1,75.342,75.342,1
B09JG59MGK,Black,MX,3/3/2023,64420403c0c3edd4181098f0,120mm,Dracaena Store,31.1,75.342,75.342,1
B09JG59MGK,Black,US,2/22/2023,6442284ac0c3edd41812efbb,120mm,Dracaena Store,31.1,52,52,1
B09JG59MGK,Black,US,3/28/2023,6441f6a5c0c3edd4180f86ef,120mm,Dracaena Store,31.1,52,52,1
B09JG59MGK,Black,US,4/11/2023,6441f6a5c0c3edd4180f86fd,120mm,Dracaena Store,31.1,52,52,1
B09JG59MGK,Black,CA,1/25/2023,644243d9c0c3edd418152021,120mm,Dracaena Store,31.1,58.5124,117.0248,2
B09JG4TTP2,Black,IT,1/3/2023,6442142cc0c3edd41811d9b0,240mm,Dracaena Store,41.1,75.1991,150.3982,2
B09JG59MGK,Black,JP,12/29/2022,64424293c0c3edd41815083c,120mm,Dracaena Store,31.1,55.993,111.986,2
B09JG59MGK,Black,JP,1/13/2023,64424293c0c3edd41815084b,120mm,Dracaena Store,31.1,55.993,111.986,2
B09JG59MGK,Black,GB,11/23/2022,64424255c0c3edd4181502f1,120mm,Dracaena Store,31.1,55.8546,167.5638,3
B09JG59MGK,Black,JP,11/27/2022,64424bb5c0c3edd41815c036,120mm,Dracaena Store,31.1,54.586,272.93,5
B09JG59MGK,Black,BE,3/23/2023,6440aac7c0c3edd418f834eb,120mm,Dracaena Store,31.1,55.149,55.149,1
B09JG59MGK,Black,GB,1/20/2023,64418aaec0c3edd41807ea8d,120mm,Dracaena Store,31.1,65.3923,65.3923,1
B09JG59MGK,Black,GB,1/24/2023,64418aaec0c3edd41807ea91,120mm,Dracaena Store,31.1,65.3923,65.3923,1
B09JG59MGK,Black,GB,1/25/2023,64418aaec0c3edd41807ea92,120mm,Dracaena Store,31.1,65.3923,65.3923,1
B09JG59MGK,Black,GB,1/28/2023,64418aaec0c3edd41807ea95,120mm,Dracaena Store,31.1,65.3923,65.3923,1
B09JG59MGK,Black,GB,1/30/2023,64418aaec0c3edd41807ea97,120mm,Dracaena Store,31.1,65.3923,65.3923,1
B09JG59MGK,Black,GB,1/31/2023,64418aaec0c3edd41807ea98,120mm,Dracaena Store,31.1,65.3923,65.3923,1
B09JG59MGK,Black,GB,2/5/2023,64418aaec0c3edd41807ea9d,120mm,Dracaena Store,31.1,65.3923,65.3923,1
B09JG59MGK,Black,GB,2/6/2023,64418aaec0c3edd41807ea9e,120mm,Dracaena Store,31.1,65.3923,65.3923,1
B09JG59MGK,Black,GB,2/7/2023,64418aaec0c3edd41807ea9f,120mm,Dracaena Store,31.1,65.3923,65.3923,1
B09JG59MGK,Black,GB,2/11/2023,64418aaec0c3edd41807eaa3,120mm,Dracaena Store,31.1,65.3923,65.3923,1
B09JG59MGK,Black,GB,2/18/2023,64418aaec0c3edd41807eaaa,120mm,Dracaena Store,31.1,65.3923,65.3923,1
B09JG4TTP2,Black,GB,2/17/2023,64418accc0c3edd41807ec6b,240mm,Dracaena Store,41.1,79.9973,79.9973,1
B09JG59MGK,Black,MX,12/19/2022,64415f94c0c3edd41804e719,120mm,Dracaena Store,31.1,75.342,75.342,1
B09JG59MGK,Black,GB,1/21/2023,64418aaec0c3edd41807ea8e,120mm,Dracaena Store,31.1,59.944,119.888,2
B09JG59MGK,Black,GB,1/27/2023,64418aaec0c3edd41807ea94,120mm,Dracaena Store,31.1,65.3923,130.7846,2
B09JG59MGK,Black,US,12/28/2022,6441515fc0c3edd418040064,120mm,Dracaena Store,31.1,52,52,1
B09JG59MGK,Black,US,12/8/2022,64418465c0c3edd418078b58,120mm,Dracaena Store,31.1,54.99,54.99,1
B09JG59MGK,Black,US,12/13/2022,64418465c0c3edd418078b5d,120mm,Dracaena Store,31.1,54.99,54.99,1
B09JG59MGK,Black,US,12/30/2022,6441515fc0c3edd418040066,120mm,Dracaena Store,31.1,54.99,54.99,1
B09JG59MGK,Black,US,11/28/2022,64418465c0c3edd418078b4e,120mm,Dracaena Store,31.1,60.99,60.99,1
B09JG59MGK,Black,US,11/29/2022,64418465c0c3edd418078b4f,120mm,Dracaena Store,31.1,60.99,60.99,1
B09JG4TTP2,Black,US,11/25/2022,644183c4c0c3edd418077fb1,240mm,Dracaena Store,41.1,62,62,1
B09JG4TTP2,Black,US,11/27/2022,644183c4c0c3edd418077fb3,240mm,Dracaena Store,41.1,69.99,69.99,1
B09JG5X1PY,Black,US,11/23/2022,644183cbc0c3edd418078027,360mm,Dracaena Store,51,86,86,1
B09JG5X1PY,Black,US,11/25/2022,644183cbc0c3edd418078029,360mm,Dracaena Store,51,86,86,1
B09JG5X1PY,Black,US,11/26/2022,644183cbc0c3edd41807802a,360mm,Dracaena Store,51,86.99,86.99,1
B09JG5X1PY,Black,US,11/28/2022,644183cbc0c3edd41807802c,360mm,Dracaena Store,51,86.99,86.99,1
B09JG5X1PY,Black,US,11/29/2022,644183cbc0c3edd41807802d,360mm,Dracaena Store,51,86.99,86.99,1
B09JG5X1PY,Black,US,11/30/2022,644183cbc0c3edd41807802e,360mm,Dracaena Store,51,86.99,86.99,1
B09JG5X1PY,Black,US,12/5/2022,644183cbc0c3edd418078033,360mm,Dracaena Store,51,86.99,86.99,1
B09JG4TTP2,Black,US,11/28/2022,644183c4c0c3edd418077fb4,240mm,Dracaena Store,41.1,75.99,151.98,2
B09JG5X1PY,Black,US,12/3/2022,644183cbc0c3edd418078031,360mm,Dracaena Store,51,86.99,173.98,2
B09JG59MGK,Black,US,11/22/2022,64418465c0c3edd418078b48,120mm,Dracaena Store,31.1,55,165,3
B09JG59MGK,Black,US,11/24/2022,64418465c0c3edd418078b4a,120mm,Dracaena Store,31.1,55,165,3
B09JG5X1PY,Black,US,12/2/2022,644183cbc0c3edd418078030,360mm,Dracaena Store,51,86.99,260.97,3
B09JG59MGK,Black,US,11/25/2022,64418465c0c3edd418078b4b,120mm,Dracaena Store,31.1,55.99,279.95,5
B09JG59MGK,Black,US,11/21/2022,64418465c0c3edd418078b47,120mm,Dracaena Store,31.1,55,330,6
B09JG59MGK,Black,US,11/23/2022,64418465c0c3edd418078b49,120mm,Dracaena Store,31.1,45.88,367,8
B09JG59MGK,Black,JP,5/15/2022,63d46f88dba2fe37f0ad2b85,120mm,Dracaena Store,31.1,39.893,39.893,1
B09JG59MGK,Black,JP,5/16/2022,63d46f88dba2fe37f0ad2b86,120mm,Dracaena Store,31.1,39.893,39.893,1
B09JG59MGK,Black,JP,5/18/2022,63d46f88dba2fe37f0ad2b88,120mm,Dracaena Store,31.1,39.893,39.893,1
B09JG59MGK,Black,JP,5/20/2022,63d46f88dba2fe37f0ad2b8a,120mm,Dracaena Store,31.1,39.893,39.893,1
B09JG59MGK,Black,JP,5/22/2022,63d46f88dba2fe37f0ad2b8c,120mm,Dracaena Store,31.1,39.893,39.893,1
B09JG59MGK,Black,JP,6/5/2022,63d46a31dba2fe37f0acbdea,120mm,Dracaena Store,31.1,39.893,39.893,1
B09JG59MGK,Black,JP,6/8/2022,63d46a31dba2fe37f0acbded,120mm,Dracaena Store,31.1,39.893,39.893,1
B09JG59MGK,Black,JP,6/13/2022,63d46a31dba2fe37f0acbdf2,120mm,Dracaena Store,31.1,39.893,39.893,1
B09JG59MGK,Black,JP,7/20/2022,63d464d4dba2fe37f0ac4fef,120mm,Dracaena Store,31.1,52.493,52.493,1
B09JG4TTP2,Black,JP,1/22/2023,64427c75c0c3edd4181917e6,240mm,Dracaena Store,41.1,84.693,84.693,1
B09JG59MGK,Black,JP,1/25/2023,64427c5ec0c3edd418191627,120mm,Dracaena Store,31.1,55.993,55.993,1
B09JG59MGK,Black,JP,1/26/2023,64427c5ec0c3edd418191628,120mm,Dracaena Store,31.1,55.993,55.993,1
B09JG59MGK,Black,JP,2/5/2023,649bc45153a4ec2274bc8e35,120mm,Dracaena Store,31.1,55.993,55.993,1
B09JG59MGK,Black,JP,2/17/2023,649bc45153a4ec2274bc8e41,120mm,Dracaena Store,31.1,55.993,55.993,1
B09JG59MGK,Black,JP,2/18/2023,649bc45153a4ec2274bc8e42,120mm,Dracaena Store,31.1,55.993,55.993,1
B09JG59MGK,Black,JP,2/20/2023,649bc45153a4ec2274bc8e44,120mm,Dracaena Store,31.1,55.993,55.993,1
B09JG4TTP2,Black,JP,2/25/2023,649bc46153a4ec2274bc8f75,240mm,Dracaena Store,41.1,84.693,84.693,1
B09JG59MGK,Black,JP,2/26/2023,649bc45153a4ec2274bc8e4a,120mm,Dracaena Store,31.1,55.993,55.993,1
B09JG59MGK,Black,JP,2/27/2023,649bc45153a4ec2274bc8e4b,120mm,Dracaena Store,31.1,55.993,55.993,1
B09JG59MGK,Black,JP,3/1/2023,649bbd3f53a4ec2274bbe0bf,120mm,Dracaena Store,31.1,55.993,55.993,1
B09JG59MGK,Black,JP,3/3/2023,649bbd3f53a4ec2274bbe0c1,120mm,Dracaena Store,31.1,55.993,55.993,1
B09JG59MGK,Black,JP,3/9/2023,649bbd3f53a4ec2274bbe0c7,120mm,Dracaena Store,31.1,55.993,55.993,1
B09JG59MGK,Black,JP,3/28/2023,649bbd3f53a4ec2274bbe0da,120mm,Dracaena Store,31.1,55.993,55.993,1
B09JG59MGK,Black,JP,3/29/2023,649bbd3f53a4ec2274bbe0db,120mm,Dracaena Store,31.1,55.993,55.993,1
B09JG5X1PY,Black,JP,3/31/2023,649bae9253a4ec2274ba6d9d,360mm,Dracaena Store,51,104.293,104.293,1
B09JG59MGK,Black,JP,4/1/2023,649baeb853a4ec2274ba719a,120mm,Dracaena Store,31.1,55.993,55.993,1
B09JG59MGK,Black,JP,4/4/2023,649baeb853a4ec2274ba719d,120mm,Dracaena Store,31.1,55.993,55.993,1
B09JG59MGK,Black,JP,4/5/2023,649baeb853a4ec2274ba719e,120mm,Dracaena Store,31.1,55.993,55.993,1
B09JG59MGK,Black,JP,4/7/2023,649baeb853a4ec2274ba71a0,120mm,Dracaena Store,31.1,47.593,47.593,1
B09JG59MGK,Black,JP,4/9/2023,649baeb853a4ec2274ba71a2,120mm,Dracaena Store,31.1,47.593,47.593,1
B09JG59MGK,Black,JP,4/10/2023,649baeb853a4ec2274ba71a3,120mm,Dracaena Store,31.1,47.593,47.593,1
B09JG59MGK,Black,JP,4/11/2023,649baeb853a4ec2274ba71a4,120mm,Dracaena Store,31.1,47.593,47.593,1
B09JG59MGK,Black,JP,4/13/2023,649baeb853a4ec2274ba71a6,120mm,Dracaena Store,31.1,55.993,55.993,1
B09JG59MGK,Black,JP,4/15/2023,649baeb853a4ec2274ba71a8,120mm,Dracaena Store,31.1,47.593,47.593,1
B09JG59MGK,Black,JP,4/19/2023,649baeb853a4ec2274ba71ac,120mm,Dracaena Store,31.1,47.593,47.593,1
B09JG59MGK,Black,JP,4/21/2023,649baeb853a4ec2274ba71ae,120mm,Dracaena Store,31.1,47.593,47.593,1
B09JG59MGK,Black,JP,4/22/2023,649baeb853a4ec2274ba71af,120mm,Dracaena Store,31.1,47.593,47.593,1
B09JG59MGK,Black,JP,4/28/2023,649baeb853a4ec2274ba71b5,120mm,Dracaena Store,31.1,47.593,47.593,1
B09JG59MGK,Black,JP,5/4/2023,649ba73353a4ec2274b9b70d,120mm,Dracaena Store,31.1,55.993,55.993,1
B09JG59MGK,Black,JP,5/14/2023,649ba73353a4ec2274b9b717,120mm,Dracaena Store,31.1,55.993,55.993,1
B09JG59MGK,Black,JP,6/1/2022,63d46f88dba2fe37f0ad2b96,120mm,Dracaena Store,31.1,39.893,79.786,2
B09JG4TTP2,Black,JP,1/21/2023,64427c75c0c3edd4181917e5,240mm,Dracaena Store,41.1,84.693,169.386,2
B09JG59MGK,Black,JP,3/4/2023,649bbd3f53a4ec2274bbe0c2,120mm,Dracaena Store,31.1,55.993,111.986,2
B09JG59MGK,Black,JP,3/6/2023,649bbd3f53a4ec2274bbe0c4,120mm,Dracaena Store,31.1,55.993,111.986,2
B09JG59MGK,Black,JP,3/7/2023,649bbd3f53a4ec2274bbe0c5,120mm,Dracaena Store,31.1,55.993,111.986,2
B09JG59MGK,Black,JP,3/12/2023,649bbd3f53a4ec2274bbe0ca,120mm,Dracaena Store,31.1,55.993,111.986,2
B09JG59MGK,Black,JP,3/26/2023,649bbd3f53a4ec2274bbe0d8,120mm,Dracaena Store,31.1,55.993,111.986,2
B09JG59MGK,Black,JP,4/6/2023,649baeb853a4ec2274ba719f,120mm,Dracaena Store,31.1,47.593,95.186,2
B09JG59MGK,Black,JP,4/12/2023,649baeb853a4ec2274ba71a5,120mm,Dracaena Store,31.1,47.593,95.186,2
B09JG59MGK,Black,JP,4/20/2023,649baeb853a4ec2274ba71ad,120mm,Dracaena Store,31.1,47.593,95.186,2
B09JG59MGK,Black,JP,4/23/2023,649baeb853a4ec2274ba71b0,120mm,Dracaena Store,31.1,47.593,95.186,2
B09JG59MGK,Black,JP,5/11/2023,649ba73353a4ec2274b9b714,120mm,Dracaena Store,31.1,55.993,111.986,2
B09JG59MGK,Black,JP,5/13/2023,649ba73353a4ec2274b9b716,120mm,Dracaena Store,31.1,55.993,111.986,2
B09JG59MGK,Black,JP,5/13/2022,63d46f88dba2fe37f0ad2b83,120mm,Dracaena Store,31.1,39.893,119.679,3
B09JG59MGK,Black,JP,2/1/2023,649bc45153a4ec2274bc8e31,120mm,Dracaena Store,31.1,55.993,167.979,3
B09JG59MGK,Black,JP,2/28/2023,649bbd3f53a4ec2274bbe0be,120mm,Dracaena Store,31.1,55.993,167.979,3
B09JG59MGK,Black,JP,4/3/2023,649baeb853a4ec2274ba719c,120mm,Dracaena Store,31.1,55.993,167.979,3
B09JG59MGK,Black,JP,4/25/2023,649baeb853a4ec2274ba71b2,120mm,Dracaena Store,31.1,47.593,142.779,3
B09JG59MGK,Black,JP,5/6/2023,649ba73353a4ec2274b9b70f,120mm,Dracaena Store,31.1,55.993,167.979,3
B09JG59MGK,Black,JP,4/24/2023,649baeb853a4ec2274ba71b1,120mm,Dracaena Store,31.1,47.593,190.372,4
B09JG59MGK,Black,JP,4/26/2023,649baeb853a4ec2274ba71b3,120mm,Dracaena Store,31.1,47.593,190.372,4
B09JG59MGK,Black,MX,12/23/2022,644268a1c0c3edd418177b0c,120mm,Dracaena Store,31.1,75.342,75.342,1
B09JG59MGK,Black,MX,1/12/2023,644268a1c0c3edd418177b20,120mm,Dracaena Store,31.1,75.342,75.342,1
B09JG59MGK,Black,MX,6/6/2023,649ba22d53a4ec2274b93da8,120mm,Dracaena Store,31.1,75.342,75.342,1
B09JG59MGK,Black,MX,6/18/2023,649ba22d53a4ec2274b93db4,120mm,Dracaena Store,31.1,75.342,75.342,1
B09JG59MGK,Black,GB,5/29/2023,649bb94c53a4ec2274bb811e,120mm,Dracaena Store,31.1,64.77,64.77,1
B09JG59MGK,Black,GB,6/2/2023,649bb94c53a4ec2274bb8122,120mm,Dracaena Store,31.1,64.77,64.77,1
B09JG59MGK,Black,GB,6/3/2023,649bb94c53a4ec2274bb8123,120mm,Dracaena Store,31.1,64.77,64.77,1
B09JG59MGK,Black,GB,6/14/2023,649bb94c53a4ec2274bb812e,120mm,Dracaena Store,31.1,64.77,64.77,1
B09JG59MGK,Black,GB,6/17/2023,649bb94c53a4ec2274bb8131,120mm,Dracaena Store,31.1,64.77,64.77,1
B09JG59MGK,Black,GB,6/19/2023,649bb94c53a4ec2274bb8133,120mm,Dracaena Store,31.1,64.77,64.77,1
B09JG59MGK,Black,GB,6/21/2023,649bb94c53a4ec2274bb8135,120mm,Dracaena Store,31.1,64.77,64.77,1
B09JG59MGK,Black,GB,6/24/2023,649bb94c53a4ec2274bb8138,120mm,Dracaena Store,31.1,64.77,64.77,1
B09JG59MGK,Black,GB,6/1/2023,649bb94c53a4ec2274bb8121,120mm,Dracaena Store,31.1,64.77,129.54,2
B09JG4TTP2,Black,IT,12/17/2022,644270adc0c3edd418182313,240mm,Dracaena Store,41.1,61.6504,61.6504,1
B09JG59MGK,Black,IT,12/17/2022,6442708bc0c3edd418182061,120mm,Dracaena Store,31.1,62.13,124.26,2
B09JG5X1PY,Black,CA,5/23/2022,63d0afccdba2fe37f052663a,360mm,Dracaena Store,51,75.9924,75.9924,1
B09JG59MGK,Black,GB,5/27/2022,63d16277dba2fe37f0657828,120mm,Dracaena Store,31.1,53.8734,53.8734,1
B09JG59MGK,Black,GB,5/20/2022,63d16277dba2fe37f0657821,120mm,Dracaena Store,31.1,54.5973,54.5973,1
B09JG59MGK,Black,GB,5/24/2022,63d16277dba2fe37f0657825,120mm,Dracaena Store,31.1,54.5973,54.5973,1
B09JG59MGK,Black,GB,5/26/2022,63d16277dba2fe37f0657827,120mm,Dracaena Store,31.1,54.2417,216.9414,4
B09JG59MGK,Black,JP,4/27/2022,63d474f6dba2fe37f0ad97bb,120mm,Dracaena Store,31.1,41.993,41.993,1
B09JG59MGK,Black,JP,5/1/2022,63d474f6dba2fe37f0ad97bf,120mm,Dracaena Store,31.1,41.993,41.993,1
B09JG59MGK,Black,JP,5/2/2022,63d474f6dba2fe37f0ad97c0,120mm,Dracaena Store,31.1,41.993,41.993,1
B09JG59MGK,Black,MX,7/13/2022,63d474a4dba2fe37f0ad90e3,120mm,Dracaena Store,31.1,58.07714,58.07714,1
B09JG59MGK,Black,CA,6/4/2022,63d49b39dba2fe37f0b096a4,120mm,Dracaena Store,31.1,52.3488,52.3488,1
B09JG59MGK,Black,CA,6/17/2022,63d49b39dba2fe37f0b096b1,120mm,Dracaena Store,31.1,52.3488,52.3488,1
B09JG59MGK,Black,CA,6/18/2022,63d49b39dba2fe37f0b096b2,120mm,Dracaena Store,31.1,52.3488,52.3488,1
B09JG59MGK,Black,CA,6/28/2022,63d49b39dba2fe37f0b096bc,120mm,Dracaena Store,31.1,52.3488,52.3488,1
B09JG59MGK,Black,CA,6/30/2022,63d49b39dba2fe37f0b096be,120mm,Dracaena Store,31.1,52.3488,52.3488,1
B09JG59MGK,Black,MX,6/8/2022,63d493bfdba2fe37f0affec8,120mm,Dracaena Store,31.1,62.64,62.64,1
B09JG59MGK,Black,US,7/2/2022,63d48ba8dba2fe37f0af5c1a,120mm,Dracaena Store,31.1,51.99,51.99,1
B09JG59MGK,Black,US,7/3/2022,63d48ba8dba2fe37f0af5c1b,120mm,Dracaena Store,31.1,51.99,51.99,1
B09JG59MGK,Black,US,7/8/2022,63d48ba8dba2fe37f0af5c20,120mm,Dracaena Store,31.1,51.99,51.99,1
B09JG59MGK,Black,US,7/15/2022,63d48ba8dba2fe37f0af5c27,120mm,Dracaena Store,31.1,52,52,1
B09JG59MGK,Black,US,7/17/2022,63d48ba8dba2fe37f0af5c29,120mm,Dracaena Store,31.1,52,52,1
B09JG59MGK,Black,US,7/18/2022,63d48ba8dba2fe37f0af5c2a,120mm,Dracaena Store,31.1,52,52,1
B09JG59MGK,Black,US,7/21/2022,63d48ba8dba2fe37f0af5c2d,120mm,Dracaena Store,31.1,52,52,1
B09JG59MGK,Black,US,7/28/2022,63d48ba8dba2fe37f0af5c34,120mm,Dracaena Store,31.1,52,52,1
B09JG4TTP2,Black,US,7/17/2022,63d48b40dba2fe37f0af53b9,240mm,Dracaena Store,41.1,69,69,1
B09JG5X1PY,Black,US,7/21/2022,63d48b44dba2fe37f0af5417,360mm,Dracaena Store,51,86,86,1
B09JG5X1PY,Black,US,7/28/2022,63d48b44dba2fe37f0af541e,360mm,Dracaena Store,51,86,86,1
B09JG5X1PY,Black,US,7/4/2022,63d48b44dba2fe37f0af5406,360mm,Dracaena Store,51,86.99,86.99,1
B09JG5X1PY,Black,US,7/9/2022,63d48b44dba2fe37f0af540b,360mm,Dracaena Store,51,86.99,86.99,1
B09JG59MGK,Black,US,7/9/2022,63d48ba8dba2fe37f0af5c21,120mm,Dracaena Store,31.1,26,51.99,2
B09JG59MGK,Black,US,7/4/2022,63d48ba8dba2fe37f0af5c1c,120mm,Dracaena Store,31.1,51.99,103.98,2
B09JG59MGK,Black,US,7/5/2022,63d48ba8dba2fe37f0af5c1d,120mm,Dracaena Store,31.1,51.99,103.98,2
B09JG59MGK,Black,US,7/7/2022,63d48ba8dba2fe37f0af5c1f,120mm,Dracaena Store,31.1,51.99,103.98,2
B09JG59MGK,Black,US,7/27/2022,63d48ba8dba2fe37f0af5c33,120mm,Dracaena Store,31.1,52,104,2
B09JG59MGK,Black,US,7/11/2022,63d48ba8dba2fe37f0af5c23,120mm,Dracaena Store,31.1,63,126,2
B09JG59MGK,Black,US,7/6/2022,63d48ba8dba2fe37f0af5c1e,120mm,Dracaena Store,31.1,51.99,155.97,3
B09JG59MGK,Black,US,7/29/2022,63d48ba8dba2fe37f0af5c35,120mm,Dracaena Store,31.1,52,156,3
B09JG59MGK,Black,US,7/1/2022,63d48ba8dba2fe37f0af5c19,120mm,Dracaena Store,31.1,51.99,207.96,4
B09JG59MGK,Black,US,7/20/2022,63d48ba8dba2fe37f0af5c2c,120mm,Dracaena Store,31.1,52,208,4
B09JG59MGK,Black,US,7/12/2022,63d48ba8dba2fe37f0af5c24,120mm,Dracaena Store,31.1,47.25,236.25,5
B09JG59MGK,Black,US,7/30/2022,63d48ba8dba2fe37f0af5c36,120mm,Dracaena Store,31.1,52,260,5
B09JG59MGK,Black,US,7/24/2022,63d48ba8dba2fe37f0af5c30,120mm,Dracaena Store,31.1,52,364,7
B09JG59MGK,Black,US,7/13/2022,63d48ba8dba2fe37f0af5c25,120mm,Dracaena Store,31.1,47.25,567,12
B09JG59MGK,Black,GB,12/23/2022,6441e5a7c0c3edd4180e4105,120mm,Dracaena Store,31.1,63.8937,63.8937,1
B09JG59MGK,Black,GB,12/29/2022,6441e5a7c0c3edd4180e410b,120mm,Dracaena Store,31.1,64.7573,64.7573,1
B09JG59MGK,Black,GB,12/27/2022,6441e5a7c0c3edd4180e4109,120mm,Dracaena Store,31.1,65.3923,65.3923,1
B09JG59MGK,Black,GB,12/30/2022,6441e5a7c0c3edd4180e410c,120mm,Dracaena Store,31.1,65.3923,65.3923,1
B09JG59MGK,Black,GB,1/8/2023,6441e5a7c0c3edd4180e4115,120mm,Dracaena Store,31.1,65.3923,65.3923,1
B09JG59MGK,Black,GB,1/9/2023,6441e5a7c0c3edd4180e4116,120mm,Dracaena Store,31.1,65.3923,65.3923,1
B09JG59MGK,Black,GB,1/10/2023,6441e5a7c0c3edd4180e4117,120mm,Dracaena Store,31.1,65.3923,65.3923,1
B09JG59MGK,Black,GB,1/18/2023,6441e5a7c0c3edd4180e411f,120mm,Dracaena Store,31.1,65.3923,65.3923,1
B09JG4TTP2,Black,GB,12/21/2022,6441e5c6c0c3edd4180e4289,240mm,Dracaena Store,41.1,79.9973,79.9973,1
B09JG4TTP2,Black,GB,12/23/2022,6441e5c6c0c3edd4180e428b,240mm,Dracaena Store,41.1,79.9973,79.9973,1
B09JG4TTP2,Black,GB,12/28/2022,6441e5c6c0c3edd4180e4290,240mm,Dracaena Store,41.1,79.9973,79.9973,1
B09JG4TTP2,Black,GB,12/31/2022,6441e5c6c0c3edd4180e4293,240mm,Dracaena Store,41.1,79.9973,79.9973,1
B09JG5X1PY,Black,GB,12/27/2022,6441e5d8c0c3edd4180e437f,360mm,Dracaena Store,51,94.4372,94.4372,1
B09JG5X1PY,Black,GB,12/23/2022,6441e5d8c0c3edd4180e437b,360mm,Dracaena Store,51,97.6122,97.6122,1
B09JG59MGK,Black,MX,4/18/2023,6441d24ec0c3edd4180cf44e,120mm,Dracaena Store,31.1,57.942,57.942,1
B09JG59MGK,Black,GB,12/28/2022,6441e5a7c0c3edd4180e410a,120mm,Dracaena Store,31.1,64.7573,129.5146,2
B09JG59MGK,Black,GB,1/14/2023,6441e5a7c0c3edd4180e411b,120mm,Dracaena Store,31.1,65.3923,130.7846,2
B09JG4TTP2,Black,GB,12/29/2022,6441e5c6c0c3edd4180e4291,240mm,Dracaena Store,41.1,79.9973,159.9946,2
B09JG59MGK,Black,AU,2/1/2023,649a7c87fcf18ae63868eae7,120mm,Dracaena Store,31.1,63.3083,63.3083,1
B09JG59MGK,Black,AU,2/21/2023,649a7c87fcf18ae63868eafb,120mm,Dracaena Store,31.1,56.6083,56.6083,1
B09JG59MGK,Black,AU,3/30/2023,649a6ef8fcf18ae63867a828,120mm,Dracaena Store,31.1,53.8144,53.8144,1
B09JG59MGK,Black,AU,5/9/2023,649bd12553a4ec2274bd8bd0,120mm,Dracaena Store,31.1,63.3083,63.3083,1
B09JG59MGK,Black,AU,6/4/2023,649bcb3f53a4ec2274bd1c78,120mm,Dracaena Store,31.1,62.98,62.98,1
B09JG59MGK,Black,AU,6/8/2023,649bcb3f53a4ec2274bd1c7c,120mm,Dracaena Store,31.1,62.98,62.98,1
B09JG59MGK,Black,CA,7/31/2022,63d45d98dba2fe37f0abbc8f,120mm,Dracaena Store,31.1,52.44,52.44,1
B09JG59MGK,Black,CA,8/3/2022,63d45d98dba2fe37f0abbc92,120mm,Dracaena Store,31.1,52.44,52.44,1
B09JG59MGK,Black,CA,12/25/2022,64427530c0c3edd418188062,120mm,Dracaena Store,31.1,58.5124,58.5124,1
B09JG59MGK,Black,CA,12/26/2022,64427530c0c3edd418188063,120mm,Dracaena Store,31.1,58.5124,58.5124,1
B09JG59MGK,Black,CA,12/28/2022,64427530c0c3edd418188065,120mm,Dracaena Store,31.1,58.5124,58.5124,1
B09JG59MGK,Black,CA,12/30/2022,64427530c0c3edd418188067,120mm,Dracaena Store,31.1,58.5124,58.5124,1
B09JG59MGK,Black,CA,12/31/2022,64427530c0c3edd418188068,120mm,Dracaena Store,31.1,58.5124,58.5124,1
B09JG59MGK,Black,CA,1/6/2023,64427530c0c3edd41818806e,120mm,Dracaena Store,31.1,58.5124,58.5124,1
B09JG59MGK,Black,CA,1/8/2023,64427530c0c3edd418188070,120mm,Dracaena Store,31.1,58.5124,58.5124,1
B09JG59MGK,Black,CA,1/10/2023,64427530c0c3edd418188072,120mm,Dracaena Store,31.1,58.5124,58.5124,1
B09JG59MGK,Black,CA,1/15/2023,64427530c0c3edd418188077,120mm,Dracaena Store,31.1,58.5124,58.5124,1
B09JG59MGK,Black,CA,5/6/2023,649bd47953a4ec2274bdd9f7,120mm,Dracaena Store,31.1,58.5124,58.5124,1
B09JG59MGK,Black,CA,5/27/2023,649bd47953a4ec2274bdda0c,120mm,Dracaena Store,31.1,58.52,58.52,1
B09JG59MGK,Black,CA,6/4/2023,649bac9053a4ec2274ba4156,120mm,Dracaena Store,31.1,58.52,58.52,1
B09JG59MGK,Black,CA,12/22/2022,64427530c0c3edd41818805f,120mm,Dracaena Store,31.1,58.5124,117.0248,2
B09JG59MGK,Black,CA,12/27/2022,64427530c0c3edd418188064,120mm,Dracaena Store,31.1,58.5124,117.0248,2
B09JG59MGK,Black,DE,6/1/2023,649bc07e53a4ec2274bc38e1,120mm,Dracaena Store,31.1,61.0291,61.0291,1
B09JG59MGK,Black,DE,6/3/2023,649bc07e53a4ec2274bc38e3,120mm,Dracaena Store,31.1,61.0291,61.0291,1
B09JG59MGK,Black,DE,6/8/2023,649bc07e53a4ec2274bc38e8,120mm,Dracaena Store,31.1,61.5414,61.5414,1
B09JG59MGK,Black,DE,6/22/2023,649bc07e53a4ec2274bc38f6,120mm,Dracaena Store,31.1,59.4922,59.4922,1
B09JG59MGK,Black,DE,6/26/2023,649bc07e53a4ec2274bc38fa,120mm,Dracaena Store,31.1,61.0291,61.0291,1
B09JG59MGK,Black,DE,6/16/2023,649bc07e53a4ec2274bc38f0,120mm,Dracaena Store,31.1,61.2907,122.5705,2
